name,salary_from,salary_to,salary_currency,area_name,published_at
Технический консультант.,,400.0,USD,Санкт-Петербург,2003-09-19T14:42:13+0400
Broadcast encryption engineer,,2000.0,USD,Южная Корея,2003-01-31T18:24:11+0300
Embedded OS engineering manager,,2000.0,USD,Москва,2003-01-31T18:25:43+0300
Начальник Управления автоматизации крупного банка (ТОР-30),,4000.0,USD,Москва,2003-09-09T00:00:00+0400
Специалист (настройщик) модуля BASIS SAP R/3,,3000.0,USD,Москва,2003-10-06T00:00:00+0400
Менеджер по продвижению программных продуктов,,1000.0,USD,Москва,2003-04-01T18:28:37+0400
Технический писатель,,300.0,USD,Москва,2003-04-01T18:35:22+0400
Key account manager (продажа компьютерного оборудования),,1500.0,USD,Москва,2003-09-19T00:00:00+0400
Системный инженер,,1200.0,USD,Москва,2003-10-06T00:00:00+0400
"Project manager (ERP, SCM)",,2000.0,USD,Москва,2003-09-05T00:00:00+0400
Бизнес-аналитик,,1200.0,USD,Москва,2003-05-14T16:18:16+0400
Аccount manager,,3000.0,USD,Москва,2003-09-10T00:00:00+0400
Менеджер по работе с клиентами,,2000.0,USD,Москва,2003-11-24T00:00:00+0300
Корреспондент-редактор медицинского интернет-портала,,800.0,USD,Москва,2003-09-21T00:00:00+0400
Редактор медицинского портала,,1000.0,USD,Москва,2003-12-11T00:00:00+0300
Технический писатель,,800.0,USD,Москва,2003-11-19T00:00:00+0300
Продакт-менеджер,,5000.0,USD,Москва,2003-10-21T00:00:00+0400
Руководитель представительства,,1111.0,USD,Челябинск,2003-08-28T00:00:00+0400
Sales representative,,1000.0,USD,Москва,2003-09-06T00:00:00+0400
Специалист по оптимизации товарных запасов,,1600.0,USD,Москва,2003-06-11T19:11:29+0400
Сервис-менеджер,,800.0,USD,Москва,2003-06-18T17:38:56+0400
Менеджер по закупкам,,1000.0,USD,Москва,2003-06-19T12:41:24+0400
Sales manager,,1000.0,USD,Москва,2003-06-19T14:37:30+0400
Сервис-инженер.,,350.0,USD,Санкт-Петербург,2003-08-19T00:00:00+0400
Программист группы внедрения,,1500.0,USD,Москва,2003-10-13T00:00:00+0400
Программист 1С,,1300.0,USD,Москва,2003-08-22T00:00:00+0400
Cпециалист в отдел внедрения,,1200.0,USD,Москва,2003-09-25T00:00:00+0400
Менеджер по продажам телекоммуникационного оборудования,,2500.0,USD,Москва,2003-07-09T12:23:21+0400
Key Account Manager,,2500.0,USD,Москва,2003-08-20T00:00:00+0400
Продакт менеджер по серверному оборудованию,,1500.0,USD,Москва,2003-09-30T00:00:00+0400
Sales engineer/technical pre-sale,,2500.0,USD,Москва,2003-09-30T00:00:00+0400
Консультант по внедрению (Oracle E-Business Suite),,2000.0,USD,Москва,2003-10-27T00:00:00+0300
"Консультант-разработчик (Developer 2000/6i (Forms, Reports)",,1000.0,USD,Москва,2003-07-16T18:31:53+0400
"БИЗНЕС АНАЛИТИК ИНФОРМАЦИОННЫХ СИСТЕМ, АРХИТЕКТОР БАЗ ДАННЫХ",,1000.0,USD,Москва,2003-07-17T11:25:13+0400
Системный администратор,,800.0,USD,Москва,2003-07-17T15:47:04+0400
Специалист отдела труда и заработной платы.,,1200.0,USD,Москва,2003-10-06T00:00:00+0400
Продукт-менеджер по промышленным компьютерам,,1500.0,USD,Санкт-Петербург,2003-07-18T12:27:41+0400
Financial systems support specialist (IT Specialist),,2900.0,USD,Москва,2003-07-18T16:38:26+0400
Менеджер в отдел сувенирной продукции,,500.0,USD,Москва,2003-07-18T18:59:15+0400
"Менеджер по работе с партнерами, вендорами",,1000.0,USD,Москва,2003-09-15T00:00:00+0400
Системный администратор,,1000.0,USD,Москва,2003-09-17T00:00:00+0400
Системный администратор,,800.0,USD,Москва,2003-09-17T00:00:00+0400
Sales Consultant,,800.0,USD,Москва,2003-07-21T17:04:03+0400
IT - АДМИНИСТРАТОР СИСТЕМЫ ТОВАРНОГО УЧЕТА,,900.0,USD,Москва,2003-10-06T00:00:00+0400
Администратор (OEBS),,1000.0,USD,Москва,2003-07-23T14:44:49+0400
Telecommunication Analyst,,1700.0,USD,Москва,2003-08-20T00:00:00+0400
Web Content Manager,,900.0,USD,Москва,2003-10-07T00:00:00+0400
Программист-разработчик на Access в крупную компьютерную компанию.,,700.0,USD,Москва,2003-08-20T00:00:00+0400
Менеджер по региональным продажам в дилерский отдел компании-дистрибутора компьютерной техники.,,1000.0,USD,Москва,2003-10-07T00:00:00+0400
Старший ПРОДАКТ МЕНЕДЖЕР по продукции Maxtor,,4000.0,USD,Москва,2003-10-07T00:00:00+0400
Менеджер Интернет проектов,,1500.0,USD,Москва,2003-10-07T00:00:00+0400
Системный администратор,,1000.0,USD,Москва,2003-08-25T00:00:00+0400
ИТ специалист (SAP R/3),,3000.0,USD,Москва,2003-08-26T00:00:00+0400
Администратор баз данных SAP R/3,,2000.0,USD,Москва,2003-08-26T00:00:00+0400
Менеджер по продажам проектов,,2000.0,USD,Санкт-Петербург,2003-07-29T12:17:44+0400
"Архитектор (VB, ASP)",,700.0,USD,Санкт-Петербург,2003-08-27T00:00:00+0400
Администратор финансовых информационных систем и Oracle,,1500.0,USD,Москва,2003-10-06T00:00:00+0400
Supply Business Process Development Coordinator,,1250.0,USD,Москва,2003-09-19T00:00:00+0400
Заместитель начальника отдела закупок,,5000.0,USD,Москва,2003-08-25T00:00:00+0400
Программист Visual C++,,500.0,USD,Санкт-Петербург,2003-08-25T00:00:00+0400
Инженер-конструктор,,500.0,USD,Санкт-Петербург,2003-08-25T00:00:00+0400
Менеджер по маркетингу,,700.0,USD,Санкт-Петербург,2003-08-27T00:00:00+0400
Менеджер по развитию бизнеса.,,2000.0,USD,Москва,2003-09-26T00:00:00+0400
Technical Consultant (telecom sphere),,3000.0,USD,Москва,2003-09-01T00:00:00+0400
Функциональный консультант,,2000.0,USD,Москва,2003-09-01T00:00:00+0400
C Developer.,,1300.0,USD,Москва,2003-09-01T00:00:00+0400
SAP R/3 (SD module) Консультант,,3000.0,USD,Москва,2003-09-01T00:00:00+0400
Team Leader,,1500.0,USD,Санкт-Петербург,2003-09-01T00:00:00+0400
С/C++ разработчика под Linux,,1200.0,USD,Санкт-Петербург,2003-09-01T00:00:00+0400
PMA-2 Администратор проектов,,1600.0,USD,Москва,2003-09-22T00:00:00+0400
РАЗРАБОТЧИК WEB-ТЕХНОЛОГИЙ,,1300.0,USD,Москва,2003-08-26T00:00:00+0400
Маркетолог,,1600.0,USD,Москва,2003-09-30T00:00:00+0400
Разработчик компиляторов,,1000.0,USD,Санкт-Петербург,2003-08-27T00:00:00+0400
Руководитель проектов,,1200.0,USD,Санкт-Петербург,2003-08-27T00:00:00+0400
Менеджер проекта по внедрению ERP системы /финансово бухгалтерский блок/,,3333.0,USD,Москва,2003-09-03T00:00:00+0400
Руководитель проекта внедрения (Oracle EBS),,2500.0,USD,Москва,2003-10-27T00:00:00+0300
Менеджер по продажам IT проектов,,5000.0,USD,Москва,2003-08-29T00:00:00+0400
Менеджер по работе с клиентами,,5000.0,USD,Москва,2003-08-29T00:00:00+0400
Инженер группы внедрения программных продуктов,,750.0,USD,Санкт-Петербург,2003-12-01T00:00:00+0300
Service Project Manager,,1700.0,USD,Москва,2003-10-07T00:00:00+0400
Специалист по SAP R/3,,2000.0,USD,Москва,2003-08-14T17:40:03+0400
Специалист по поддержке банковских приложений,,2500.0,USD,Москва,2003-08-15T11:37:41+0400
IT - директор (CIO),,3500.0,USD,Москва,2003-09-10T00:00:00+0400
Руководитель отдела маркетинга,,2500.0,USD,Москва,2003-08-15T13:05:04+0400
Sales Director,,5000.0,USD,Москва,2003-08-15T15:01:10+0400
Системный аналитик,,1500.0,USD,Москва,2003-08-15T18:20:06+0400
Менеджер по IT и системному интегрированию,,3000.0,USD,Москва,2003-09-05T00:00:00+0400
Business Application Specialist,,1450.0,USD,Москва,2003-08-18T10:15:10+0400
Database Developer/Business analyst,,1600.0,USD,Москва,2003-08-18T10:39:13+0400
Developer and Analyst,,1000.0,USD,Москва,2003-08-18T10:53:37+0400
Sales Manager,,3000.0,USD,Москва,2003-08-18T11:47:53+0400
Системный администратор,,400.0,USD,Москва,2003-08-18T13:30:28+0400
Rational Product Technical Sales,,3000.0,USD,Москва,2003-08-18T15:15:55+0400
Product Manager,,2000.0,USD,Москва,2003-08-18T15:48:40+0400
ERP - consultant,,1800.0,USD,Москва,2003-08-18T17:35:51+0400
Программист,,800.0,USD,Москва,2003-08-18T18:40:13+0400
SNA / IT - manager,,1300.0,USD,Москва,2003-08-18T18:44:42+0400
Разработчик биллинговой системы (С++/Oracle),,1400.0,USD,Москва,2003-12-02T00:00:00+0300
Telecom Engineer,,1500.0,USD,Москва,2003-08-19T11:17:22+0400
Sales Engineer,,2000.0,USD,Москва,2003-08-19T13:40:44+0400
"Программист / хорошее знание Delphi, SQL",,1200.0,USD,Москва,2003-09-04T00:00:00+0400
NET Программист,,900.0,USD,Москва,2003-08-19T15:19:39+0400
Инженер-проектировщик,,500.0,USD,Москва,2003-08-19T15:51:06+0400
Системный инженер,,700.0,USD,Москва,2003-08-19T15:59:16+0400
Менеджер по продажам,,800.0,USD,Москва,2003-08-19T16:04:44+0400
Аудитор,,1000.0,USD,Москва,2003-08-28T00:00:00+0400
Системный администратор,,330.0,USD,Санкт-Петербург,2003-08-19T17:13:18+0400
Программист,,1000.0,USD,Москва,2003-08-19T19:02:37+0400
INTERNET BANKING PRODUCT MANAGER,,3000.0,USD,Москва,2003-08-19T21:07:11+0400
Менеджер по продаже транспортных услуг,,1500.0,USD,Москва,2003-11-10T00:00:00+0300
IT Specialist (Financial System Support),,2500.0,USD,Москва,2003-08-20T11:49:57+0400
"Консультант по внедрению SAP/R3 (FI, CO, MM)",,2500.0,USD,Москва,2003-08-20T14:59:12+0400
"Ассистент консультанта (SAP/R3, MM, CO)",,800.0,USD,Москва,2003-09-15T00:00:00+0400
Менеджер по работе с партнерами (вендоры),,1200.0,USD,Москва,2003-08-20T15:59:10+0400
Sales and Marketing specialist,,1000.0,USD,Москва,2003-08-20T18:30:19+0400
Менеджер по продажам,,1500.0,USD,Москва,2003-08-20T18:35:00+0400
Системный администратор,,600.0,USD,Москва,2003-12-19T00:00:00+0300
Сервис - инженер на выдачу,,250.0,USD,Санкт-Петербург,2003-08-21T11:37:23+0400
Менеджер по закупкам (пассивное сетевое оборудование),,1000.0,USD,Москва,2003-08-21T21:51:34+0400
Ведущий инженер,,600.0,USD,Москва,2003-08-22T12:48:20+0400
Тестер ПО,,400.0,USD,Санкт-Петербург,2003-08-22T17:14:57+0400
Руководитель проекта (ERP-системы),,3000.0,USD,Москва,2003-09-22T00:00:00+0400
Руководитель проекта по внедрению и сопровождению финансового модуля КИС,,2500.0,USD,Москва,2003-08-22T17:35:21+0400
Специалист по сопровождению SAP R/3,,1600.0,USD,Москва,2003-08-22T17:36:20+0400
Аккаунт-менеджер/руководитель проекта/помощник руководителя проекта,,1500.0,USD,Москва,2003-08-22T17:48:58+0400
Руководитель проектов в телекоммуникационную компанию,,1500.0,USD,Москва,2003-08-23T19:33:28+0400
ПРОГРАММИСТ,,800.0,USD,Москва,2003-08-25T11:14:43+0400
Ведущий специалист по работе с партнерами,,1200.0,USD,Москва,2003-08-25T12:17:56+0400
Ведущий специалист САПР,,2000.0,USD,Москва,2003-08-25T12:22:36+0400
Консультант по внедрению системы управления персоналом,,1000.0,USD,Москва,2003-08-25T12:24:49+0400
Ведущий специалист по продажам ПО (финансовые и аналитические системы),,1200.0,USD,Москва,2003-08-25T12:26:47+0400
Ведущий консультант по внедрению Oracle e-Business Suite (финансы),,1500.0,USD,Москва,2003-08-25T12:28:39+0400
Менеджер проекта по внедрению MBS Navision,,1500.0,USD,Москва,2003-08-25T12:30:16+0400
"Ведущий специалист, тренер по продуктам Microsoft Business Solutions – Navision и Axapta",,1500.0,USD,Москва,2003-08-25T12:31:33+0400
Key Account Manager/Sales-manager по работе с корпоративными клиентами,,2000.0,USD,Москва,2003-09-19T00:00:00+0400
Проектировщик,,1300.0,USD,Москва,2003-08-25T13:39:34+0400
"Менеджер по продажам, менеджер по работе с ключевыми клиентами в секторе TELCO",,1300.0,USD,Москва,2003-10-17T00:00:00+0400
Менеджер по продажам,,800.0,USD,Москва,2003-10-17T00:00:00+0400
Key-Account Manager сектора по работе с банками,,3000.0,USD,Москва,2003-10-17T00:00:00+0400
Key-Account Manager по нефтяному сектору,,2300.0,USD,Москва,2003-10-17T00:00:00+0400
Sales-Manager Tekelec,,4000.0,USD,Москва,2003-08-25T14:35:37+0400
Sales-Manager Tekelec,,4000.0,USD,Москва,2003-09-23T00:00:00+0400
Глава предствительства - sales-manager (Russia region),,4000.0,USD,Москва,2003-09-19T00:00:00+0400
Системный инженер,,1800.0,USD,Москва,2003-12-08T00:00:00+0300
Менеджер по продажам,,3000.0,USD,Москва,2003-08-25T16:38:00+0400
Менеджер по маркетингу,,800.0,USD,Москва,2003-08-25T17:13:53+0400
Программист,,400.0,USD,Санкт-Петербург,2003-11-10T00:00:00+0300
Product Manager (IP Services),,2500.0,USD,Москва,2003-08-25T18:53:43+0400
Sales manager,,2000.0,USD,Москва,2003-08-26T14:40:25+0400
ИНЖЕНЕР по ремонту мобильных телефонов.,,600.0,USD,Санкт-Петербург,2003-10-17T00:00:00+0400
IT Engineer,,1300.0,USD,Москва,2003-10-07T00:00:00+0400
РАЗРАБОТЧИК WEB-ТЕХНОЛОГИЙ,,1300.0,USD,Москва,2003-08-26T19:56:42+0400
Руководитель проектов (системы автоматизации документооборота),,600.0,USD,Москва,2003-08-27T09:45:08+0400
Специалист управления автоматизированных систем коммерческого учета,,1000.0,USD,Москва,2003-08-27T09:49:05+0400
"Системный администратор на ПО (Rational ClearCase, ClearQuest)",,800.0,USD,Москва,2003-08-27T09:50:47+0400
Консультант по внедрению ERP-систем,,1000.0,USD,Москва,2003-08-27T09:52:28+0400
Разработчик баз данных,,600.0,USD,Санкт-Петербург,2003-08-27T10:03:28+0400
Network Administrator,,1200.0,USD,Москва,2003-08-27T11:09:35+0400
Сспециалист по трафику (Webmaster Sharing Program),,700.0,USD,Москва,2003-08-27T17:59:02+0400
Системный администратор,,800.0,USD,Москва,2003-10-21T00:00:00+0400
Инженер-проектировщик (проектирование систем охранно-пожарной сигнализации):,,700.0,USD,Москва,2003-08-28T17:25:38+0400
Инженер-проектировщик (проектирование СКС),,700.0,USD,Москва,2003-08-28T17:28:41+0400
Руководитель проектов,,4000.0,USD,Москва,2003-08-28T17:54:02+0400
Менеджер по продажам,,3000.0,USD,Москва,2003-09-26T00:00:00+0400
Маркетолог,,1200.0,USD,Москва,2003-09-26T00:00:00+0400
Ассистент руководителя IT-департамента,,800.0,USD,Москва,2003-08-29T12:14:36+0400
Начальник гарантийного отдела,,500.0,USD,Санкт-Петербург,2003-09-23T00:00:00+0400
Project Manager (business-analysis),,2500.0,USD,Москва,2003-08-29T18:08:11+0400
Purchasing Manager (NP),,1900.0,USD,Москва,2003-08-31T13:47:16+0400
Сервис-инженер.,,350.0,USD,Санкт-Петербург,2003-08-31T14:48:37+0400
Менеджер по работе с корпоративными заказчиками.,,1000.0,USD,Санкт-Петербург,2003-08-31T14:50:49+0400
Инженер по тестированию.,,300.0,USD,Санкт-Петербург,2003-08-31T14:52:27+0400
Продукт-менеджер по промышленным компьютерам,,500.0,USD,Санкт-Петербург,2003-08-31T14:56:28+0400
Технический писатель,,500.0,USD,Москва,2003-09-01T12:06:46+0400
Програмист SQL,,800.0,USD,Москва,2003-09-01T12:09:53+0400
Инженер по автоматизированному тестированию,,700.0,USD,Москва,2003-09-01T12:12:04+0400
Системный администратор,,1500.0,USD,Москва,2003-10-27T00:00:00+0300
Начальник отдела системного анализа в крупную производственную компанию,,1500.0,USD,Москва,2003-09-25T00:00:00+0400
Журналист,,800.0,USD,Москва,2003-09-01T14:50:44+0400
Ассистент/Менеджер по продажам в отдел по работе с гос. сектором,,500.0,USD,Москва,2003-09-26T00:00:00+0400
Программист,,900.0,USD,Москва,2003-09-01T17:50:44+0400
Менеджер по развитию бизнеса,,3500.0,USD,Москва,2003-11-19T00:00:00+0300
Менеджер по работе с партнерами,,1500.0,USD,Москва,2003-09-01T18:04:49+0400
ВЕБ-ПРОГРАММИСТ,,700.0,USD,Москва,2003-09-15T00:00:00+0400
ВЕБ-ДИЗАЙНЕР,,1000.0,USD,Москва,2003-09-15T00:00:00+0400
МЕНЕДЖЕР ИНТЕРНЕТ-ПРОЕКТА,,1500.0,USD,Москва,2003-09-15T00:00:00+0400
Менеджер по работе с клиентами,,1000.0,USD,Москва,2003-09-02T11:00:14+0400
Тест-аналитик,,1000.0,USD,Москва,2003-09-02T11:01:04+0400
Менеджер по продажам услуг по заказной разработке ПО,,2500.0,USD,Москва,2003-09-02T11:02:37+0400
Менеджер по продажам услуг по заказной разработке ПО,,2500.0,USD,Москва,2003-09-02T11:05:22+0400
Разработчик C#.NET,,800.0,USD,Москва,2003-09-02T11:07:57+0400
Разработчик VB,,800.0,USD,Москва,2003-09-02T11:09:25+0400
Консультант по продажам программного обеспечения,,600.0,USD,Москва,2003-09-02T11:40:17+0400
Инженер службы поддержки продаж (техническая безопасность),,1000.0,USD,Москва,2003-09-02T12:14:13+0400
Менеджер по продажам,,1500.0,USD,Москва,2003-09-02T12:18:18+0400
XSLT-верстальщик,,650.0,USD,Москва,2003-09-25T00:00:00+0400
Помощник системного администратора,,300.0,USD,Санкт-Петербург,2003-09-02T13:29:36+0400
QA / Тестер программного обеспечения,,1300.0,USD,Москва,2003-10-06T00:00:00+0400
User Support (Helpdesk),,800.0,USD,Санкт-Петербург,2003-11-18T00:00:00+0300
Менеджер по продажам,,1000.0,USD,Москва,2003-09-03T10:00:33+0400
Начальник отдела IT,,4000.0,USD,Москва,2003-09-03T14:34:57+0400
Сервис-инженер в Информационно-технический отдел,,650.0,USD,Москва,2003-09-03T15:05:49+0400
ABAP программист,,1200.0,USD,Москва,2003-09-04T12:52:28+0400
Менеджер проекта (внедрение OEBS),,2500.0,USD,Москва,2003-10-27T00:00:00+0300
Инженер-программист,,700.0,USD,Москва,2003-09-29T00:00:00+0400
Дизайнер интерфейсов,,800.0,USD,Москва,2003-09-05T12:25:03+0400
Менеджер по работе с корпоративными клиентами,,1600.0,USD,Москва,2003-10-28T00:00:00+0300
"Java developer, Team Leader, Architect",,1800.0,USD,Москва,2003-09-05T13:46:54+0400
Программист 1С,,1000.0,USD,Москва,2003-09-05T15:27:50+0400
Ассистент консультанта Департамента бизнес-решений,,700.0,USD,Москва,2003-09-05T15:30:05+0400
Консультант Департамента бизнес-решений,,1000.0,USD,Москва,2003-10-28T00:00:00+0300
Тест-аналитик,,1000.0,USD,Москва,2003-10-02T00:00:00+0400
МЕНЕДЖЕР ПО РАЗВИТИЮ КОРПОРАТИВНЫХ ПРОДАЖ.,,1500.0,USD,Москва,2003-09-05T17:38:51+0400
АДМИНИСТРАТОР ОТДЕЛА ПРОДАЖ,,600.0,USD,Москва,2003-09-05T17:44:08+0400
АССИСТЕНТ МЕНЕДЖЕРА ПО ПРОДАЖАМ.,,500.0,USD,Москва,2003-09-05T17:45:04+0400
МЕНЕДЖЕР ПО РАЗВИТИЮ РЕГИОНАЛЬНЫХ ПРОДАЖ.,,2000.0,USD,Москва,2003-09-05T17:45:53+0400
МЕНЕДЖЕР ПО РАЗВИТИЮ РОЗНИЧНЫХ ПРОДАЖ,,800.0,USD,Москва,2003-09-05T17:46:53+0400
РУКОВОДИТЕЛЬ ГРУППЫ ПРОДАЖ – РЕГИОНАЛЬНЫЙ МЕНЕДЖЕР.,,1500.0,USD,Москва,2003-09-05T17:47:58+0400
МЕНЕДЖЕР ПО ПРОДАЖАМ КОМПЬЮТЕРНОЙ И ОФИСНОЙ ТЕХНИКИ.,,1000.0,USD,Москва,2003-09-05T17:49:01+0400
МЕНЕДЖЕР ПО РАБОТЕ С КЛЮЧЕВЫМИ КОРПОРАТИВНЫМИ КЛИЕНТАМИ.,,1500.0,USD,Москва,2003-09-05T17:53:59+0400
МЕНЕДЖЕР ПО РАБОТЕ С КОРПОРАТИВНЫМИ КЛИЕНТАМИ.,,2000.0,USD,Москва,2003-09-05T17:56:48+0400
Инженер по монтажу/Шеф-монтажу базовых станций,,600.0,USD,Новосибирск,2003-10-21T00:00:00+0400
Инженер по интеграции базовых станций,,800.0,USD,Австрия,2003-10-21T00:00:00+0400
Постановщик задач для ПО микроконтроллеров,,1200.0,USD,Москва,2003-09-05T19:12:55+0400
Специалист по технической поддержке,,700.0,USD,Москва,2003-09-05T19:14:10+0400
Программист С++,,1000.0,USD,Москва,2003-09-05T19:15:24+0400
Системный администратор,,1800.0,USD,Москва,2003-09-05T19:47:37+0400
ВЕБ-ДИЗАЙНЕР,,1000.0,USD,Москва,2003-09-15T00:00:00+0400
МЕНЕДЖЕР ИНТЕРНЕТ-ПРОЕКТА,,1500.0,USD,Москва,2003-09-15T00:00:00+0400
ВЕБ-ПРОГРАММИСТ,,700.0,USD,Москва,2003-09-15T00:00:00+0400
Программист С,,500.0,USD,Москва,2003-09-08T14:02:29+0400
"Ведущий аналитик, проект ""Расчетный банк""",,1500.0,USD,Москва,2003-09-08T14:08:02+0400
"Аналитик, направление ""Аналитические системы""",,1000.0,USD,Москва,2003-09-08T14:10:11+0400
Специалист сопровождения программных продуктов,,500.0,USD,Москва,2003-09-08T14:13:47+0400
Специалист по внедрению банковского ПО,,900.0,USD,Москва,2003-09-08T14:20:27+0400
"Консультант на ""Горячую линию""",,800.0,USD,Москва,2003-09-08T14:35:30+0400
Тестировщик ПО,,500.0,USD,Москва,2003-09-08T14:45:52+0400
Менеджер отдела продаж банковских продуктов,,1000.0,USD,Москва,2003-09-08T14:49:43+0400
Технический писатель,,550.0,USD,Москва,2003-09-08T14:52:36+0400
Менеджер по продажам источников бесперебойного питания в представительство компании Powercom.,,200.0,USD,Москва,2003-10-07T00:00:00+0400
Менеджер проектов.,,600.0,USD,Санкт-Петербург,2003-09-08T15:58:19+0400
Специалист по подготовке дистрибутивов (оператор ПК),,300.0,USD,Москва,2003-09-08T16:08:04+0400
Product-manager по мониторам,,1500.0,USD,Санкт-Петербург,2003-09-08T16:27:20+0400
Менеджер по продвижению в крупную IT компанию (ноутбуки).,,1000.0,USD,Москва,2003-10-07T00:00:00+0400
Программист,,800.0,USD,Санкт-Петербург,2003-09-08T17:05:50+0400
Специалист по 1С,,1200.0,USD,Москва,2003-09-08T18:33:34+0400
Пресейл менеджер,,1000.0,USD,Москва,2003-09-08T18:35:31+0400
Менеджер по закупкам,,800.0,USD,Москва,2003-09-08T18:39:28+0400
Менеджер по продажам (руководитель) в телекоммуникационную компанию.,,5000.0,USD,Москва,2003-10-18T00:00:00+0400
Стажер (Промышленная дирекция),,200.0,USD,Москва,2003-09-09T10:33:25+0400
Оператор информационного центра с использованием английского,,400.0,USD,Москва,2003-10-06T00:00:00+0400
Presale по сетевому и телекоммуникационному оборудованию в Самарском филиале,,600.0,USD,Самара,2003-12-01T00:00:00+0300
Программист,,900.0,USD,Москва,2003-09-09T14:28:18+0400
Разработчик-консультант,,1200.0,USD,Москва,2003-09-09T15:30:56+0400
Помощник менеджера,,400.0,USD,Москва,2003-09-09T17:53:59+0400
Разработчик ПО,,800.0,USD,Москва,2003-09-10T11:49:30+0400
Сервис-инженер.,,350.0,USD,Санкт-Петербург,2003-09-10T12:42:35+0400
Секретарь,,150.0,USD,Санкт-Петербург,2003-09-10T12:44:26+0400
Менеджер по работе с корпоративными заказчиками.,,1000.0,USD,Санкт-Петербург,2003-09-10T12:46:51+0400
Менеджер проектов.,,600.0,USD,Санкт-Петербург,2003-09-10T12:48:12+0400
Менеджер по работе с клиентами,,1000.0,USD,Санкт-Петербург,2003-09-10T12:48:46+0400
ДИРЕКТОР ПО ЗАКУПКАМ,,5000.0,USD,Москва,2003-10-07T00:00:00+0400
Product-manager в компанию производитель ПК,,2500.0,USD,Москва,2003-09-10T15:12:14+0400
Инженер-программист,,900.0,USD,Москва,2003-11-19T00:00:00+0300
Java-программист,,700.0,USD,Москва,2003-09-10T17:38:09+0400
Системный администратор,,700.0,USD,Москва,2003-09-10T17:40:14+0400
Веб-разработчик,,700.0,USD,Москва,2003-09-10T18:39:22+0400
Ведущий специалист по сопровождению и внедрению ПК «Галактика»,,700.0,USD,Москва,2003-09-10T19:46:29+0400
Специалист по внедрению и сопровождению SCALA,,1500.0,USD,Москва,2003-09-11T10:32:31+0400
Специалист по Oracle E Business Suite (логистика),,2500.0,USD,Москва,2003-09-11T12:34:04+0400
Tester,,1800.0,USD,Москва,2003-09-11T12:34:53+0400
Системный аналитик (проект внедрения Oracle E Business Suite),,1500.0,USD,Москва,2003-09-11T13:02:22+0400
"Специалист по развертыванию (Группа Эксплуатации, Кастомизации и разработки Внешних интерфейсов OEBS.)",,1500.0,USD,Москва,2003-09-11T13:21:02+0400
Координатор службы дистрибуции ПО,,400.0,USD,Москва,2003-09-11T14:56:15+0400
Sales Engineer,,2500.0,USD,Москва,2003-09-11T16:39:29+0400
Администратор отдела продаж,,700.0,USD,Москва,2003-09-11T17:00:37+0400
Специалист внедрения бизнес-процессов,,2000.0,USD,Москва,2003-09-11T18:36:54+0400
Разработчик программного обеспечения,,1000.0,USD,Москва,2003-09-11T20:49:53+0400
Системный администратор,,700.0,USD,Москва,2003-10-10T00:00:00+0400
Бизнес-аналитик,,1500.0,USD,Москва,2003-10-08T00:00:00+0400
Бизнес-аналитик,,1500.0,USD,Нижний Новгород,2003-10-08T00:00:00+0400
Оператор ПК,,400.0,USD,Москва,2003-09-12T11:55:10+0400
Системный администратор,,800.0,USD,Москва,2003-09-12T13:54:39+0400
Руководитель группы тестеров,,1500.0,USD,Москва,2003-09-12T15:56:39+0400
Программист php MySQL / html-верстальщик,,400.0,USD,Москва,2003-09-12T16:09:07+0400
C++ Code Inspections Specialist,,1500.0,USD,Москва,2003-10-06T00:00:00+0400
Инженер контроля,,600.0,USD,Москва,2003-09-12T16:58:44+0400
Руководитель интернет-магазина,,2000.0,USD,Москва,2003-09-12T18:10:31+0400
Веб программист (Java),,1500.0,USD,Москва,2003-10-06T00:00:00+0400
Программист ORACLE,,1200.0,USD,Москва,2003-09-12T20:48:12+0400
Ведущий инженер,,600.0,USD,Москва,2003-09-13T12:10:38+0400
Инженер по RISC-системам.,,550.0,USD,Санкт-Петербург,2003-09-15T12:06:43+0400
Менеджер в отдел ведения сделок,,300.0,USD,Санкт-Петербург,2003-09-15T17:41:01+0400
Программист,,1200.0,USD,Москва,2003-09-15T19:19:01+0400
Oracle Developer (urgent),,1200.0,USD,Москва,2003-10-10T00:00:00+0400
Вэб дизайнер,,250.0,USD,Санкт-Петербург,2003-09-16T10:06:42+0400
Программист-разработчик JAVA,,850.0,USD,Москва,2003-09-16T14:04:51+0400
Начальник информационного отдела,,1000.0,USD,Москва,2003-11-10T00:00:00+0300
Менеджер по работе с корпоративными клиентами,,1500.0,USD,Москва,2003-09-16T14:45:36+0400
Системный администратор,,500.0,USD,Москва,2003-10-18T00:00:00+0400
Администратор АБС (старший/ведущий специалист) отдела банковских систем,,1400.0,USD,Москва,2003-09-16T17:11:49+0400
Менеджер по работе с корпоративными клиентами,,800.0,USD,Москва,2003-10-13T00:00:00+0400
Инженер систем связи,,600.0,USD,Москва,2003-09-16T19:20:54+0400
Инженер сектора технической безопасности,,800.0,USD,Москва,2003-09-16T19:27:46+0400
Менеджер по продажам,,1500.0,USD,Москва,2003-09-16T19:30:18+0400
Менеджер проекта,,800.0,USD,Москва,2003-09-16T19:33:43+0400
Менеджер по продажам (телекоммуникации),,1500.0,USD,Москва,2003-09-16T19:38:52+0400
Менеджер по продажам (системы безопасности),,1500.0,USD,Москва,2003-09-16T19:41:49+0400
Менеджер по продажам (бизнес-серверы),,1500.0,USD,Москва,2003-09-16T19:45:17+0400
Инженер поддержки продаж (техническая безопасность),,1000.0,USD,Москва,2003-09-16T19:47:09+0400
Менеджер по продажам ПО,,1500.0,USD,Москва,2003-09-16T19:49:49+0400
Консультант в приемную,,1000.0,USD,Москва,2003-09-16T20:32:21+0400
Программист ORACLE,,1200.0,USD,Москва,2003-09-16T21:28:03+0400
Менеджер проектов,,2200.0,USD,Москва,2003-09-17T11:03:49+0400
Системный архитектор,,1500.0,USD,Москва,2003-09-17T11:22:31+0400
Системный аналитик,,1300.0,USD,Москва,2003-09-17T11:34:30+0400
Старший разработчик,,1300.0,USD,Москва,2003-09-17T11:40:09+0400
Начальник отдела продвижения серверов.,,900.0,USD,Санкт-Петербург,2003-09-17T13:54:26+0400
Инженер по оборудованию Avaya,,1500.0,USD,Москва,2003-09-17T14:00:24+0400
Сопровождение финансового ПО,,600.0,USD,Москва,2003-10-13T00:00:00+0400
CRM systems implementation Project Manager,,3000.0,USD,Москва,2003-11-12T00:00:00+0300
IT Strategy Consultant,,6000.0,USD,Москва,2003-09-17T18:04:35+0400
Oracle Financials Implementation Consultant,,3000.0,USD,Москва,2003-11-12T00:00:00+0300
КОНСУЛЬТАНТ - ПРОДАВЕЦ,,600.0,USD,Москва,2003-09-17T19:23:09+0400
Инженер VoIP,,700.0,USD,Москва,2003-10-13T00:00:00+0400
Инженер по обслуживанию линейно-кабельных систем,,700.0,USD,Москва,2003-10-13T00:00:00+0400
Специалист по АСР,,1000.0,USD,Москва,2003-10-13T00:00:00+0400
Инженер отдела гарантии (компьютерная фирма),,500.0,USD,Москва,2003-09-18T15:42:55+0400
Начальник отдела гарантии (компьютерная фирма),,600.0,USD,Москва,2003-10-13T00:00:00+0400
Менеджер сервисного центра (компьютерная фирма):,,500.0,USD,Москва,2003-09-18T16:15:23+0400
Руководитель отдела по работе с клиентами сервисного центра (компьютерная фирма),,1000.0,USD,Москва,2003-09-18T16:19:37+0400
Системный администратор (компьютерная компания),,500.0,USD,Москва,2003-09-18T16:23:23+0400
Инженер по наладке подсистемы коммутации,,900.0,USD,Москва,2003-09-18T16:38:16+0400
Руководитель отдела по продажам ресторанных решений,,3000.0,USD,Москва,2003-09-18T17:51:10+0400
Специалист отдела технического контроля,,350.0,USD,Москва,2003-10-17T00:00:00+0400
Руководитель отдела,,3000.0,USD,Москва,2003-09-18T18:27:26+0400
Директор,,3000.0,USD,Москва,2003-09-18T18:35:16+0400
"Старший специалист в отдел разработки VC++ (работа над сервером ""Оценка разговоров"")",,1200.0,USD,Москва,2003-10-07T00:00:00+0400
Программист в отдел компьютерной телефонии,,800.0,USD,Москва,2003-09-19T10:54:43+0400
Специалист в отдел разработки ПО в области компьютерной телефонии.,,800.0,USD,Москва,2003-10-07T00:00:00+0400
Ведущий С/С++ программист,,1500.0,USD,Москва,2003-09-19T11:40:33+0400
Архитектор,,1200.0,USD,Москва,2003-09-19T12:10:10+0400
Специалист по защите информации,,1500.0,USD,Москва,2003-09-19T12:16:18+0400
Специалист по сетевому взаимодействию и серверным приложениям,,1500.0,USD,Москва,2003-09-19T12:21:42+0400
Специалист по разработке пользовательского интерфейса,,1500.0,USD,Москва,2003-09-19T12:27:59+0400
Специалист по серверным приложениям,,1500.0,USD,Москва,2003-09-19T12:32:17+0400
Архитектор-разработчик БД,,1500.0,USD,Москва,2003-09-19T12:38:00+0400
Инженер-диспетчер,,450.0,USD,Москва,2003-09-19T13:27:11+0400
Технический консультант.,,400.0,USD,Санкт-Петербург,2003-09-19T14:42:13+0400
Инженер-сборщик компьютеров.,,150.0,USD,Санкт-Петербург,2003-09-19T14:45:13+0400
МЕНЕДЖЕР ПО РАБОТЕ С КОРПОРАТИВНЫМИ КЛИЕНТАМИ.,,600.0,USD,Москва,2003-09-19T14:47:14+0400
СЕРВИСНЫЙ ИНЖЕНЕР.,,450.0,USD,Москва,2003-09-19T14:56:14+0400
Менеджер по продвижению программных продуктов,,1000.0,USD,Москва,2003-09-19T18:40:22+0400
Технический специалист в области сетевых технологий,,900.0,USD,Москва,2003-09-19T19:19:22+0400
Программист ORACLE,,1200.0,USD,Москва,2003-09-19T21:15:55+0400
Менеджер по продажам,,700.0,USD,Москва,2003-09-22T10:00:29+0400
Менеджер по продажам ноутбуков,,700.0,USD,Москва,2003-09-22T10:06:37+0400
Менеджер по работе с корпоративными заказчиками.,,1000.0,USD,Санкт-Петербург,2003-10-02T00:00:00+0400
Менеджер проектов.,,600.0,USD,Санкт-Петербург,2003-10-02T00:00:00+0400
Инженер по RISC-системам.,,550.0,USD,Санкт-Петербург,2003-10-02T00:00:00+0400
Инженер-сборщик компьютеров.,,150.0,USD,Санкт-Петербург,2003-09-22T14:38:47+0400
Deputy Head of IT,,3000.0,USD,Москва,2003-12-11T00:00:00+0300
Deputy Head of IT,,3000.0,USD,Москва,2003-09-22T14:41:22+0400
Технический консультант.,,400.0,USD,Санкт-Петербург,2003-09-22T14:43:52+0400
Начальник отдела продвижения серверов.,,900.0,USD,Санкт-Петербург,2003-10-02T00:00:00+0400
СЕРВИСНЫЙ ИНЖЕНЕР.,,450.0,USD,Москва,2003-10-02T00:00:00+0400
МЕНЕДЖЕР ПО РАБОТЕ С КОРПОРАТИВНЫМИ КЛИЕНТАМИ.,,600.0,USD,Москва,2003-10-02T00:00:00+0400
Менеджер по работе с вендорами,,2500.0,USD,Москва,2003-09-22T16:25:22+0400
Бизнес - аналитик,,2500.0,USD,Москва,2003-09-22T16:37:30+0400
Консультант по технической поддержке внедрений и сопровождению информационных систем,,2500.0,USD,Москва,2003-09-22T16:46:03+0400
Key Account manager,,3000.0,USD,Москва,2003-09-22T17:21:20+0400
Network Administrator,,1200.0,USD,Москва,2003-09-23T09:19:11+0400
Технический писатель,,600.0,USD,Москва,2003-09-23T10:45:16+0400
Менеджер по продажам рекламных площадей на сайте,,600.0,USD,Москва,2003-09-23T13:53:11+0400
Руководитель Группы протокола,,1500.0,USD,Москва,2003-10-07T00:00:00+0400
IT Director for a leading russian company – b2b goods producer,,8000.0,USD,Москва,2003-10-21T00:00:00+0400
Специалист по продажам корпоративных информационных систем,,1500.0,USD,Москва,2003-10-22T00:00:00+0400
Sales manager (системы документооборота),,2000.0,USD,Москва,2003-09-23T16:22:47+0400
Программист ORACLE,,1200.0,USD,Москва,2003-09-23T20:22:13+0400
Технический писатель,,500.0,USD,Москва,2003-09-24T11:54:16+0400
Инженер службы поддержки биллинга,,700.0,USD,Москва,2003-11-18T00:00:00+0300
Инженер службы сопровождения/ technical pre-sale,,1300.0,USD,Москва,2003-11-18T00:00:00+0300
Специалист по поддержке баз данных,,500.0,USD,Москва,2003-09-24T15:01:38+0400
Сервис-инженер.,,300.0,USD,Санкт-Петербург,2003-10-02T00:00:00+0400
Сервис-инженер.,,350.0,USD,Санкт-Петербург,2003-10-02T00:00:00+0400
Ведущий менеджер по продажам,,1500.0,USD,Москва,2003-09-24T17:52:31+0400
Специалист со знанием С++ в сектор аналитического ПО (АПО).,,800.0,USD,Москва,2003-10-03T00:00:00+0400
ВЕБ-ДИЗАЙНЕР,,1000.0,USD,Москва,2003-09-25T11:42:25+0400
Менеджер по продажам,,3000.0,USD,Москва,2003-09-25T11:45:31+0400
Инженер-программист по внедрению и настройке ПО (операционная касса),,800.0,USD,Москва,2003-09-25T13:30:38+0400
МЕНЕДЖЕР ИНТЕРНЕТ-ПРОЕКТА,,1500.0,USD,Москва,2003-09-25T15:06:38+0400
МЕНЕДЖЕР ИНТЕРНЕТ-ПРОЕКТА,,1500.0,USD,Москва,2003-09-25T15:06:46+0400
Программист 1C,,700.0,USD,Москва,2003-11-18T00:00:00+0300
Директор IT (отдела Информационных технологий),,1200.0,USD,Москва,2003-10-27T00:00:00+0300
Инженер технического сопровождения,,600.0,USD,Москва,2003-11-19T00:00:00+0300
Инженер по установке и внедрению радиооборудования,,800.0,USD,Москва,2003-10-21T00:00:00+0400
Монтажник радиооборудования,,600.0,USD,Москва,2003-10-21T00:00:00+0400
Руководитель проекта (ERP системы),,1700.0,USD,Екатеринбург,2003-09-26T15:33:27+0400
Аккаунт-менеджер/руководитель проекта/помощник руководителя проекта,,1500.0,USD,Москва,2003-12-05T00:00:00+0300
Менеджер по продаже рекламных площадей,,600.0,USD,Москва,2003-09-29T11:04:04+0400
Ассистент руководителя IT-департамента,,800.0,USD,Москва,2003-09-29T11:07:40+0400
Специалист управления автоматизированных систем коммерческого учета,,1000.0,USD,Москва,2003-11-20T00:00:00+0300
Программист на АВАР-4,,1000.0,USD,Москва,2003-10-28T00:00:00+0300
Администратор системы SAP R/3,,1200.0,USD,Москва,2003-10-28T00:00:00+0300
Консультант по поддержке продаж (Global eXchange Services),,900.0,USD,Москва,2003-10-28T00:00:00+0300
"Системный администратор на ПО (Rational ClearCase, ClearQuest)",,800.0,USD,Москва,2003-09-29T12:05:39+0400
Менеджер по работе с корпоративными клиентами,,950.0,USD,Москва,2003-10-28T00:00:00+0300
"Руководитель проектов в области системной интеграции, построения и развития сетей и систем связи",,1500.0,USD,Москва,2003-11-20T00:00:00+0300
Консультант по внедрению ERP-систем,,1000.0,USD,Москва,2003-10-28T00:00:00+0300
Менеджер по закупкам (пассивное сетевое оборудование),,1000.0,USD,Москва,2003-11-20T00:00:00+0300
Эксперт отдела загородной недвижимости,,2000.0,USD,Москва,2003-09-29T12:37:29+0400
Аудитор,,1000.0,USD,Москва,2003-10-27T00:00:00+0300
JAVA-программист/J2EE-архитектор,,1500.0,USD,Москва,2003-10-14T00:00:00+0400
Web-программист,,800.0,USD,Москва,2003-10-27T00:00:00+0300
Программист,,800.0,USD,Москва,2003-10-14T00:00:00+0400
Менеджер по работе с корпоративными клиентами,,1500.0,USD,Москва,2003-09-29T18:46:01+0400
Тестировщик ПО,,400.0,USD,Москва,2003-09-30T12:45:11+0400
Программист 1С,,1000.0,USD,Москва,2003-10-21T00:00:00+0400
Менеджер по продуктам (компьютерное оборудование),,1500.0,USD,Санкт-Петербург,2003-11-24T00:00:00+0300
Менеджер по проектам,,5000.0,USD,Москва,2003-09-30T18:24:18+0400
Консультант/ведущий консультант/руководитель проекта Microsoft Axapta,,2000.0,USD,Москва,2003-09-30T19:39:37+0400
ПОМОЩНИК МЕНЕДЖЕРА ИНТЕРНЕТ-ПРОЕКТА,,350.0,USD,Москва,2003-10-01T09:13:30+0400
"Оператор ПК, оператор на телефоне",,250.0,USD,Москва,2003-10-01T11:51:48+0400
Системный администратор,,800.0,USD,Москва,2003-10-01T12:29:53+0400
ИТ специалист (SAP R/3),,3000.0,USD,Москва,2003-10-01T13:51:03+0400
Инженер по технической поддержке системных платформ (г.Москва),,1000.0,USD,Москва,2003-10-01T14:55:43+0400
Инженер по технической поддержке системных платформ (г.Екатеринбург),,700.0,USD,Екатеринбург,2003-10-01T14:56:37+0400
"Специалист по внедрению (OEBS, -логистика, финансы, произовдство, HR )",,2000.0,USD,Москва,2003-11-05T00:00:00+0300
Тест,,5000.0,USD,Москва,2003-10-01T16:25:28+0400
ВЕРСТАЛЬЩИК,,400.0,USD,Москва,2003-10-01T17:06:52+0400
Программист С++,,1200.0,USD,Москва,2003-10-14T00:00:00+0400
Программист Delphi,,900.0,USD,Москва,2003-10-14T00:00:00+0400
Руководитель отдела,,2000.0,USD,Москва,2003-10-01T18:55:07+0400
Директор,,3000.0,USD,Москва,2003-10-01T19:03:36+0400
SALES-менеджер (заказное ПО),,2500.0,USD,Москва,2003-10-02T10:35:59+0400
Главный конструктор,,1100.0,USD,Москва,2003-10-02T10:47:03+0400
Менеджер выставочного проекта,,1000.0,USD,Москва,2003-10-02T12:21:41+0400
Менеджер по продаже рекламных площадей,,500.0,USD,Москва,2003-10-02T13:00:27+0400
Оператор на телефоне,,250.0,USD,Москва,2003-10-02T13:07:25+0400
Системный программист,,800.0,USD,Москва,2003-10-02T13:07:50+0400
"Программисты GUI (С#, Delphi, VC++)",,800.0,USD,Москва,2003-10-02T13:21:21+0400
Аналитики-проектировщики банковских информационных технологий,,1000.0,USD,Москва,2003-10-02T13:27:33+0400
Рекламный писатель,,800.0,USD,Москва,2003-10-02T13:39:20+0400
"Администратор ЛВС, HelpDesk",,600.0,USD,Москва,2003-10-02T14:13:45+0400
Специалист по ремонту и настройке компьютеров,,500.0,USD,Москва,2003-10-02T00:00:00+0400
РАЗРАБОТЧИК WEB-ТЕХНОЛОГИЙ,,1300.0,USD,Москва,2003-10-02T20:53:20+0400
Разработчик ПО,,700.0,USD,Москва,2003-10-03T12:18:39+0400
Инженер по телефонии,,600.0,USD,Санкт-Петербург,2003-10-28T00:00:00+0300
Проджект - менеджер по компьютерному оборудованию,,1000.0,USD,Санкт-Петербург,2003-11-24T00:00:00+0300
Системный аналитик (срочно!),,1300.0,USD,Москва,2003-10-03T17:07:42+0400
Системный архитектор,,1700.0,USD,Москва,2003-10-03T18:45:53+0400
Инженер-программист OS/390,,2000.0,USD,Москва,2003-10-05T13:03:37+0400
PR Supervisor,,2300.0,USD,Москва,2003-10-05T15:21:58+0400
Sales representative,,1000.0,USD,Москва,2003-10-06T10:25:27+0400
Инженер группы проектирования подсистемы базовых станций,,1000.0,USD,Москва,2003-10-06T12:35:59+0400
Менеджер по маркетингу и рекламе,,1000.0,USD,Москва,2003-10-06T19:10:16+0400
Постановщик задач для ПО микроконтроллеров,,1200.0,USD,Москва,2003-10-06T20:32:57+0400
Менеджер по IT и системному интегрированию,,3000.0,USD,Москва,2003-10-06T20:35:19+0400
Специалист по технической поддержке,,700.0,USD,Москва,2003-10-06T20:37:50+0400
Менеджер проекта/руководитель группы разработчиков,,2500.0,USD,Москва,2003-10-06T22:42:21+0400
Менеджер по продажам проектов,,1500.0,USD,Санкт-Петербург,2003-10-07T10:22:12+0400
Руководитель проектов .Net,,1200.0,USD,Санкт-Петербург,2003-11-10T00:00:00+0300
Менеджер по продаже АСУ,,1500.0,USD,Санкт-Петербург,2003-10-07T10:27:53+0400
Менеджер по продажам,,1000.0,USD,Москва,2003-10-07T10:36:27+0400
Менеджер по работе с дилерами,,1500.0,USD,Москва,2003-10-07T12:13:13+0400
Менеджер по продажам компьютеной техники,,2000.0,USD,Москва,2003-10-07T12:22:16+0400
WEB-дизайнер (помощник системного администратора),,300.0,USD,Санкт-Петербург,2003-10-07T12:28:10+0400
Программист,,900.0,USD,Москва,2003-10-07T16:37:39+0400
Junior Management Consultant,,1500.0,USD,Москва,2003-10-07T18:16:54+0400
Системный архитектор,,1500.0,USD,Москва,2003-10-07T18:47:11+0400
Руководитель направления (код ИК),,2500.0,USD,Москва,2003-10-07T18:52:37+0400
Руководитель направления (код СУУ),,2500.0,USD,Москва,2003-10-07T19:12:46+0400
Веб-разработчик,,700.0,USD,Москва,2003-10-07T19:18:40+0400
Программист C/C++,,800.0,USD,Москва,2003-10-08T11:53:38+0400
ПОМОЩНИК МЕНЕДЖЕРА ИНТЕРНЕТ-ПРОЕКТА,,350.0,USD,Москва,2003-10-08T12:31:46+0400
Инженер по тестированию,,500.0,USD,Москва,2003-10-27T00:00:00+0300
Технический руководитель проекта,,2000.0,USD,Москва,2003-10-08T14:47:08+0400
ПРОГРАММИСТ,,800.0,USD,Москва,2003-10-08T16:02:03+0400
Специалист по 1С,,1200.0,USD,Москва,2003-10-08T17:26:06+0400
Консультант-разработчик Navision,,1000.0,USD,Москва,2003-10-08T17:58:36+0400
Технический писатель,,550.0,USD,Москва,2003-10-09T10:07:23+0400
Специалист по сопровождению программных продуктов,,500.0,USD,Москва,2003-10-09T10:09:19+0400
Инженер - тестировщик ПО,,500.0,USD,Москва,2003-10-09T10:10:44+0400
Специалист по внедрению банковского ПО,,900.0,USD,Москва,2003-10-09T10:11:54+0400
Программист С,,500.0,USD,Москва,2003-10-09T10:13:18+0400
"Консультант на ""Горячую линию""",,800.0,USD,Москва,2003-10-09T10:14:39+0400
Специалист по подготовке дистрибутивов (оператор ПК),,300.0,USD,Москва,2003-10-09T00:00:00+0400
Специалист аналитического отдела,,700.0,USD,Москва,2003-10-09T10:25:31+0400
Системный администратор ПК RS - Balance,,1000.0,USD,Москва,2003-10-09T00:00:00+0400
Программист,,700.0,USD,Москва,2003-10-09T10:29:44+0400
МЕНЕДЖЕР ПО РАЗВИТИЮ РЕГИОНАЛЬНЫХ ПРОДАЖ.,,2000.0,USD,Москва,2003-10-09T15:03:31+0400
АССИСТЕНТ МЕНЕДЖЕРА ПО ПРОДАЖАМ.,,500.0,USD,Москва,2003-10-09T15:07:16+0400
МЕНЕДЖЕР ПО ПРОДАЖАМ КОМПЬЮТЕРНОЙ И ОФИСНОЙ ТЕХНИКИ.,,1000.0,USD,Москва,2003-10-09T15:52:25+0400
МЕНЕДЖЕР ПО РАБОТЕ С КЛЮЧЕВЫМИ КОРПОРАТИВНЫМИ КЛИЕНТАМИ.,,1500.0,USD,Москва,2003-10-09T16:07:16+0400
РУКОВОДИТЕЛЬ ГРУППЫ ПРОДАЖ – РЕГИОНАЛЬНЫЙ МЕНЕДЖЕР.,,1500.0,USD,Москва,2003-10-09T16:18:05+0400
КОНСУЛЬТАНТ - ПРОДАВЕЦ,,600.0,USD,Москва,2003-10-09T16:35:33+0400
Редактор тестовой лаборатории,,1000.0,USD,Москва,2003-10-09T17:38:38+0400
Менеджер по продажам рекламных площадей на сайте,,800.0,USD,Москва,2003-10-09T17:45:17+0400
Java-программист,,1500.0,USD,Москва,2003-11-05T00:00:00+0300
Главный бухгалтер,,880.0,USD,Москва,2003-10-10T10:54:30+0400
Директор по продажам и маркетингу,,2500.0,USD,Москва,2003-11-04T00:00:00+0300
Инженер-программист по автоматизации тестирования,,500.0,USD,Москва,2003-10-10T11:53:19+0400
Специалист по продажам,,500.0,USD,Москва,2003-10-10T12:12:56+0400
Менеджер по маркетингу (менеджер по программам работы с партнерами),,900.0,USD,Москва,2003-10-10T13:08:14+0400
Оператор ПК,,300.0,USD,Москва,2003-10-10T13:17:22+0400
Менеджер по продажам в корпоративный отдел,,2000.0,USD,Москва,2003-10-10T13:19:49+0400
Консультант,,1200.0,USD,Москва,2003-10-10T14:37:06+0400
Инженер по телефонии,,1000.0,USD,Москва,2003-10-10T15:48:43+0400
"Инженер (специалист) по RISC-системам, UNIX",,1200.0,USD,Москва,2003-10-10T16:32:17+0400
Руководитель группы системного администрирования,,2500.0,USD,Москва,2003-10-10T21:59:17+0400
Заместитель директора Интернет-центра,,1200.0,USD,Москва,2003-11-03T00:00:00+0300
Программист,,1500.0,USD,Москва,2003-10-13T10:09:36+0400
Программист Интранет систем,,1100.0,USD,Москва,2003-10-13T00:00:00+0400
Value Service Partner Program Manager,,3000.0,USD,Москва,2003-10-13T12:21:56+0400
Сотрудник отдела поддержки пользователей,,150.0,USD,Москва,2003-10-13T12:39:36+0400
Программист,,700.0,USD,Москва,2003-10-13T12:42:48+0400
Менеджер по продажам ERP-системы в западную компанию (Sl/12):,,6000.0,USD,Москва,2003-10-13T14:40:19+0400
Software engineer Project Leader (Engineer on full time basis),,2000.0,USD,Москва,2003-10-13T17:57:36+0400
Программист С++,,1200.0,USD,Москва,2003-10-14T11:53:02+0400
Программист,,900.0,USD,Москва,2003-10-14T12:19:53+0400
Специалист по Oracle E Business Suite (логистика),,2500.0,USD,Москва,2003-11-10T00:00:00+0300
Специалист по развертыванию системы Oracle E-Business Suite,,1500.0,USD,Москва,2003-11-10T00:00:00+0300
Специалист по базам данных (программирование 1С),,600.0,USD,Москва,2003-10-14T15:13:21+0400
Начальник отдела развития систем качества,,1500.0,USD,Москва,2003-10-14T16:07:48+0400
Тестировщик (в проект на 3-4 мес.),,800.0,USD,Москва,2003-10-14T16:27:31+0400
Тестировщик (нагрузочное тестирование),,800.0,USD,Москва,2003-10-14T16:29:32+0400
Test Engineer/Analyst,,1200.0,USD,Москва,2003-12-10T00:00:00+0300
Presale Manager,,1800.0,USD,Москва,2003-10-14T17:37:37+0400
Вебмастер,,450.0,USD,Санкт-Петербург,2003-10-15T11:25:15+0400
Менеджер по продукту ПК (SMB),,2500.0,USD,Москва,2003-10-15T11:55:12+0400
Сервис-инженер.,,350.0,USD,Санкт-Петербург,2003-10-15T13:43:34+0400
Менеджер по работе с корпоративными заказчиками.,,1000.0,USD,Санкт-Петербург,2003-10-15T13:55:06+0400
Менеджер проектов.,,600.0,USD,Санкт-Петербург,2003-10-15T14:18:53+0400
Инженер по RISC-системам.,,550.0,USD,Санкт-Петербург,2003-10-15T14:24:25+0400
Начальник отдела продвижения серверов.,,900.0,USD,Санкт-Петербург,2003-10-15T14:49:56+0400
Инженер контроля,,600.0,USD,Москва,2003-10-15T15:46:56+0400
Инженер контроля,,600.0,USD,Москва,2003-10-15T15:50:06+0400
Разработчик программного обеспечения (Java),,1000.0,USD,Москва,2003-10-15T15:58:46+0400
Программист,,1500.0,USD,Москва,2003-10-15T16:12:18+0400
Программист,,1500.0,USD,Москва,2003-10-15T16:12:27+0400
Специалист по документированию,,800.0,USD,Москва,2003-10-15T16:30:58+0400
Аналитик-консультант,,1200.0,USD,Москва,2003-10-15T16:34:26+0400
Дизайнер,,1700.0,USD,Москва,2003-11-12T00:00:00+0300
Менеджер по работе с клиентами (Продажа ERP-решений),,2500.0,USD,Москва,2003-11-12T00:00:00+0300
"Sales manager, Telco Sector",,5000.0,USD,Москва,2003-10-15T17:19:47+0400
Telecom Specialist,,2000.0,USD,Москва,2003-10-15T17:30:46+0400
IT Менеджер-Системный администратор,,2000.0,USD,Москва,2003-11-12T00:00:00+0300
СЕРВИСНЫЙ ИНЖЕНЕР.,,450.0,USD,Москва,2003-10-15T18:13:04+0400
Руководитель подразделения по разработке и дизайну интегральных микросхем,,4000.0,USD,Москва,2003-10-15T19:41:03+0400
Менеджера по продажам (Теле-сейлз),,500.0,USD,Санкт-Петербург,2003-11-10T00:00:00+0300
Консультант по внедрению SAP/R3 (HR),,2000.0,USD,Москва,2003-11-10T00:00:00+0300
Демонстратор программного обеспечения,,600.0,USD,Москва,2003-10-16T15:27:39+0400
Заместитель руководитель департамента АСУТП,,2500.0,USD,Москва,2003-11-10T00:00:00+0300
Специалист внедрения бизнес-процессов,,2000.0,USD,Москва,2003-11-11T00:00:00+0300
Business Warehouse Specialist,,2500.0,USD,Москва,2003-10-16T17:35:04+0400
System Implementation Analyst,,2500.0,USD,Волгоград,2003-10-16T17:40:42+0400
"System Implementation Analyst, Moscow",,2000.0,USD,Москва,2003-10-16T18:18:02+0400
Integration Analyst,,2000.0,USD,Москва,2003-10-16T18:22:29+0400
Руководитель проекта,,1500.0,USD,Москва,2003-10-16T19:24:30+0400
Сборщик компьютеров,,300.0,USD,Москва,2003-10-17T15:03:44+0400
Help Desk Specialist,,1000.0,USD,Москва,2003-10-17T16:08:55+0400
Системный администратор,,700.0,USD,Москва,2003-10-17T16:23:05+0400
Системный администратор,,700.0,USD,Москва,2003-10-17T16:23:05+0400
Системный администратор,,700.0,USD,Москва,2003-10-17T16:23:05+0400
PR- менеджер,,700.0,USD,Москва,2003-10-30T00:00:00+0300
Консультант по внедрению ERP-системы,,1200.0,USD,Москва,2003-10-17T17:09:40+0400
Программист,,700.0,USD,Москва,2003-10-17T18:40:29+0400
"Менеджер по продажам. Код вакансии: ""М-БПР""",,4000.0,USD,Москва,2003-11-12T00:00:00+0300
"Инженер службы сопровождения. Код вакансии: ""НВ-ИСС""",,1100.0,USD,Москва,2003-11-12T00:00:00+0300
Управляющий IT,,3500.0,USD,Москва,2003-10-19T18:48:37+0400
Управляющий IT,,3500.0,USD,Москва,2003-10-19T18:48:42+0400
Системный администратор,,1500.0,USD,Москва,2003-10-19T18:50:59+0400
IT-8 Системный Администратор,,500.0,USD,Москва,2003-10-20T11:03:43+0400
"Project manager (ERP, SCM)",,2000.0,USD,Москва,2003-09-05T00:00:00+0400
МЕНЕДЖЕР ПО РАБОТЕ С КОРПОРАТИВНЫМИ КЛИЕНТАМИ.,,600.0,USD,Москва,2003-09-19T14:47:14+0400
Инженер - электронщик,,600.0,USD,Москва,2003-12-17T12:42:45+0300
ВЕБ-ПРОГРАММИСТ,,700.0,USD,Москва,2003-09-15T00:00:00+0400
ВЕБ-ПРОГРАММИСТ,,700.0,USD,Москва,2003-09-15T00:00:00+0400
Financial Sector Sales Manager (Corporate),,4000.0,USD,Москва,2003-11-21T07:30:49+0300
Специалист отдела биллинга голосовых услуг,,850.0,USD,Москва,2003-12-11T19:54:38+0300
Cпециалист отдела биллинга IP-услуг,,700.0,USD,Москва,2003-12-11T20:04:27+0300
Java Developer / Программист Java,,1500.0,USD,Москва,2003-11-17T00:00:00+0300
Копирайтер в Службу маркетинга.,,1000.0,USD,Москва,2003-10-20T15:12:19+0400
Глава предствительства - sales-manager (Russia region),,4000.0,USD,Москва,2003-10-20T15:18:25+0400
Менеджер по продажам телекоммуникационного оборудования,,1300.0,USD,Москва,2003-10-20T16:38:02+0400
Менеджер по продажам,,3500.0,USD,Москва,2003-10-20T18:19:32+0400
Системный администратор,,800.0,USD,Москва,2003-10-20T19:16:03+0400
Программист PL/SQL. Код вакансии НВ-прог,,1500.0,USD,Москва,2003-11-12T00:00:00+0300
КОНСУЛЬТАНТ в крупную IT-компанию. Код вакансии НВ-Конс,,3000.0,USD,Москва,2003-11-12T00:00:00+0300
Специалист по управлению конфигурациями / тестировщик,,800.0,USD,Москва,2003-10-21T13:31:34+0400
Главный инженер проекта,,1200.0,USD,Москва,2003-11-19T00:00:00+0300
Системный администратор,,1000.0,USD,Москва,2003-11-19T00:00:00+0300
Sales manager,,1500.0,USD,Москва,2003-11-19T00:00:00+0300
Руководитель группы (департамента) систем информационной безопасности,,1500.0,USD,Москва,2003-12-05T00:00:00+0300
SAP BW Консультант,,5000.0,USD,Москва,2003-10-21T15:34:08+0400
Менеджер по продажам услуг связи,,1500.0,USD,Москва,2003-11-19T00:00:00+0300
Senior Software Developer,,2000.0,USD,Москва,2003-11-19T00:00:00+0300
TECHNICAL RECRUITING EXPERT,,700.0,USD,Москва,2003-11-19T00:00:00+0300
Системный аналитик,,1200.0,USD,Москва,2003-10-21T18:30:09+0400
Веб-разработчик,,500.0,USD,Москва,2003-10-22T12:07:15+0400
Техник связи,,300.0,USD,Москва,2003-10-22T12:56:33+0400
Менеджер по интернет-решениям,,1000.0,USD,Москва,2003-10-22T13:23:53+0400
Разработчик интерфейсов (GUI),,1300.0,USD,Москва,2003-10-22T13:25:31+0400
Ведущий разработчик (GUI),,1300.0,USD,Москва,2003-10-22T13:29:25+0400
Системный архитектор,,1500.0,USD,Москва,2003-10-22T13:32:53+0400
Менеджер проектов,,2200.0,USD,Москва,2003-10-22T13:39:35+0400
ПРОГРАММИСТ,,800.0,USD,Москва,2003-10-22T14:15:24+0400
Системный администратор,,600.0,USD,Москва,2003-10-22T15:36:22+0400
Инженер-проектировщик,,2000.0,USD,Москва,2003-10-22T16:03:13+0400
Системный аналитик,,1300.0,USD,Москва,2003-10-22T17:15:07+0400
Старший разработчик,,1300.0,USD,Москва,2003-10-22T17:44:03+0400
Технический консультант в отдел продаж крупной компании (оптовая торговля компьютерной техникой).,,800.0,USD,Москва,2003-10-22T18:41:07+0400
Дистрибьютор телефонных карт.,,500.0,USD,Москва,2003-10-23T13:47:24+0400
Администратор АБС (старший/ведущий специалист) отдела банковских систем,,1400.0,USD,Москва,2003-10-23T15:07:58+0400
"WEB-дизайнер, WEB--художник",,400.0,USD,Москва,2003-10-23T15:13:54+0400
Сервис-инженер.,,350.0,USD,Санкт-Петербург,2003-10-23T16:45:00+0400
Менеджер по работе с корпоративными заказчиками.,,1000.0,USD,Санкт-Петербург,2003-10-23T16:52:52+0400
Менеджер проектов.,,600.0,USD,Санкт-Петербург,2003-10-23T17:17:28+0400
Программист Axapta,,2000.0,USD,Москва,2003-11-21T00:00:00+0300
Начальник отдела продвижения серверов.,,900.0,USD,Санкт-Петербург,2003-10-23T17:46:17+0400
Инженер по RISC-системам.,,550.0,USD,Санкт-Петербург,2003-10-23T17:49:57+0400
Сервис-инженер.,,300.0,USD,Санкт-Петербург,2003-10-23T17:56:35+0400
Специалист в отдел исследований розничной торговли,,600.0,USD,Москва,2003-10-24T11:50:21+0400
Региональный менеджер по продажам,,1200.0,USD,Москва,2003-10-24T17:17:33+0400
Менеджер по работе с корпоративными клиентами,,2000.0,USD,Москва,2003-10-24T17:23:00+0400
Инженер-программист по внедрению и настройке ПО (операционная касса),,800.0,USD,Москва,2003-10-27T10:58:24+0300
Прикладной программист,,600.0,USD,Москва,2003-10-27T12:13:18+0300
Аналитик бизнес-процессов,,1200.0,USD,Москва,2003-10-27T15:43:09+0300
Руководитель проекта (ERP системы),,1700.0,USD,Екатеринбург,2003-10-27T16:28:39+0300
Менеджер по работе с вендорами (производителями),,1200.0,USD,Москва,2003-10-27T16:36:35+0300
Системный аналитик,,1000.0,USD,Москва,2003-10-27T16:59:40+0300
Технический писатель,,800.0,USD,Москва,2003-10-27T17:03:55+0300
Технический писатель,,500.0,USD,Москва,2003-10-27T17:14:00+0300
"Кey account manager. Код вакансии: ""ТМ-АЛ-Мк""",,1500.0,USD,Москва,2003-11-12T00:00:00+0300
"Менеджер по работе с сетевыми магазинами. Код вакансии: ""ТМ-АЛ-М""",,1000.0,USD,Москва,2003-11-12T00:00:00+0300
"Менеджер по региональным продажам. Код вакансии: ""ТМ-АЛ-р""",,700.0,USD,Москва,2003-11-12T00:00:00+0300
System Administrator,,1200.0,USD,Москва,2003-11-16T00:00:00+0300
GUI Developer (with valid or having in the past USA visa),,1300.0,USD,Москва,2003-10-27T19:02:08+0300
Programmer,,1100.0,USD,Москва,2003-10-27T19:04:11+0300
Programmer,,1400.0,USD,Москва,2003-11-21T00:00:00+0300
Специалист по системам измерения эффективности деятельности,,2000.0,USD,Москва,2003-10-28T11:01:50+0300
Руководитель управления организационного развития и методологии бизнес-процессов,,2300.0,USD,Москва,2003-10-28T11:16:55+0300
ПРОДУКТ-МЕНЕДЖЕР ПО КСБ.,,500.0,USD,Санкт-Петербург,2003-10-28T13:34:25+0300
Инженер по тестированию.,,250.0,USD,Санкт-Петербург,2003-10-28T14:02:23+0300
PRE-SALE MANAGER (КОНСУЛЬТАНТ ПО ПРОДАЖАМ),,1500.0,USD,Москва,2003-10-28T15:17:01+0300
Дизайнер,,1000.0,USD,Москва,2003-12-25T00:00:00+0300
"Инженер по поддержке продаж/Technical pre-sale по серверам SUN, IBM",,1500.0,USD,Москва,2003-11-24T00:00:00+0300
Руководитель проектов,,4000.0,USD,Москва,2003-10-28T17:06:19+0300
Group brand manager,,3500.0,USD,Москва,2003-11-24T00:00:00+0300
Программист по администрированию сайтов,,600.0,USD,Москва,2003-10-29T11:01:44+0300
Директор по ИТ (CIO),,6000.0,USD,Иркутск,2003-11-24T00:00:00+0300
Прграммист Platinum,,1200.0,USD,Москва,2003-10-29T12:35:44+0300
Инженер группы техподдержки,,700.0,USD,Москва,2003-12-05T00:00:00+0300
Менеджер по продажам IT -услуг,,1500.0,USD,Москва,2003-12-05T00:00:00+0300
System Administrator,,1700.0,USD,Москва,2003-10-29T18:51:16+0300
Менеджер-консультант по работе с клиентами.,,1000.0,USD,Москва,2003-10-29T19:04:17+0300
Websphere Sales Manager,,4000.0,USD,Москва,2003-10-29T21:31:34+0300
Приемщик в Сервис-центр,,400.0,USD,Москва,2003-10-30T10:25:13+0300
Начальник (технолог) производства,,1500.0,USD,Москва,2003-10-30T11:23:59+0300
Менеджер по работе с вендорами,,1700.0,USD,Москва,2003-10-30T12:23:37+0300
Key Account Manager,,3000.0,USD,Москва,2003-10-30T12:33:14+0300
Management Consultant (BDM),,7000.0,USD,Москва,2003-11-28T00:00:00+0300
Аналитик-программист,,1000.0,USD,Москва,2003-10-30T13:10:30+0300
Эксперт по подбору технического персонала,,700.0,USD,Москва,2003-12-16T00:00:00+0300
Специалист по внедрению банковского ПО,,600.0,USD,Москва,2003-11-03T11:35:49+0300
Менеджер проектов внедрения ПО,,1200.0,USD,Москва,2003-11-03T11:59:15+0300
Тестировщик ПО,,400.0,USD,Москва,2003-11-03T13:32:08+0300
Менеджер проектов.,,600.0,USD,Санкт-Петербург,2003-11-03T13:41:53+0300
Сервис-инженер.,,350.0,USD,Санкт-Петербург,2003-11-03T13:52:13+0300
Менеджер по работе с корпоративными заказчиками.,,1000.0,USD,Санкт-Петербург,2003-11-03T13:53:29+0300
Начальник отдела продвижения серверов.,,900.0,USD,Санкт-Петербург,2003-11-03T14:00:21+0300
Инженер по RISC-системам.,,550.0,USD,Санкт-Петербург,2003-11-03T14:02:19+0300
ПРОДУКТ-МЕНЕДЖЕР ПО КСБ.,,500.0,USD,Санкт-Петербург,2003-11-03T14:09:13+0300
Консультант-внедренец (ERP-система),,1000.0,USD,Москва,2003-11-03T14:24:26+0300
Программист С++,,700.0,USD,Москва,2003-11-03T14:27:36+0300
Системный аналитик,,1200.0,USD,Москва,2003-11-03T14:31:12+0300
Менеджер по продажам заказных разработок ПО,,2000.0,USD,Москва,2003-11-03T14:35:55+0300
Главный конструктор,,1300.0,USD,Москва,2003-11-03T14:38:08+0300
Менеджер по продвижению программных продуктов,,1000.0,USD,Москва,2003-11-28T00:00:00+0300
Менеджер по работе с клиентами,,700.0,USD,Москва,2003-11-28T00:00:00+0300
Технический специалист в области сетевых технологий,,900.0,USD,Москва,2003-11-28T00:00:00+0300
Технический писатель,,400.0,USD,Москва,2003-11-03T15:58:37+0300
МЕНЕДЖЕР ПРОЕКТОВ ОТДЕЛА ЗАКАЗНЫХ РАЗРАБОТОК,,2000.0,USD,Москва,2003-12-08T00:00:00+0300
Руководитель проектов,,700.0,USD,Москва,2003-11-03T20:00:21+0300
Директор по IT по оптово-розничной торговле высокотехнологичной продукцией,,1800.0,USD,Москва,2003-11-04T09:46:33+0300
Инженер по технической поддержке системных платформ (г.Екатеринбург),,700.0,USD,Екатеринбург,2003-11-04T09:50:30+0300
Инженер по технической поддержке системных платформ (г.Москва),,1000.0,USD,Москва,2003-11-04T09:58:10+0300
МЕНЕДЖЕР ПО РАБОТЕ С КЛЮЧЕВЫМИ КОРПОРАТИВНЫМИ КЛИЕНТАМИ.,,1500.0,USD,Москва,2003-11-04T15:12:38+0300
МЕНЕДЖЕР ПО РАЗВИТИЮ РЕГИОНАЛЬНЫХ ПРОДАЖ.,,2000.0,USD,Москва,2003-11-04T15:15:19+0300
КОНСУЛЬТАНТ - ПРОДАВЕЦ,,600.0,USD,Москва,2003-11-04T15:21:21+0300
Менеджер по работе с вендорами серверного оборудования,,1500.0,USD,Москва,2003-12-01T00:00:00+0300
МЕНЕДЖЕР ПО ЦЕНООБРАЗОВАНИЮ.,,700.0,USD,Москва,2003-11-04T16:07:22+0300
РУКОВОДИТЕЛЬ ГРУППЫ ПРОДАЖ – РЕГИОНАЛЬНЫЙ МЕНЕДЖЕР.,,1500.0,USD,Москва,2003-11-04T16:09:05+0300
МЕНЕДЖЕР ПО ПРОДАЖАМ КОМПЬЮТЕРНОЙ И ОФИСНОЙ ТЕХНИКИ.,,1000.0,USD,Москва,2003-11-04T16:11:20+0300
АССИСТЕНТ МЕНЕДЖЕРА ПО ПРОДАЖАМ.,,500.0,USD,Москва,2003-11-04T16:15:19+0300
Администратор БД,,400.0,USD,Москва,2003-11-18T00:00:00+0300
Системный администратор,,1500.0,USD,Москва,2003-12-03T00:00:00+0300
Руководитель группы разработчиков/Team Leader (J2EE),,2500.0,USD,Москва,2003-11-05T13:17:07+0300
J2EE Developer,,1500.0,USD,Москва,2003-11-05T13:44:30+0300
Java/J2EE Программист,,1500.0,USD,Москва,2003-12-24T00:00:00+0300
Инженер-программист по внедрению систем материального учёта предприятий,,800.0,USD,Москва,2003-11-05T14:06:09+0300
Системный Аналитик,,1800.0,USD,Москва,2003-11-30T00:00:00+0300
Руководитель группы разработчиков/Senior Software Engineer,,2000.0,USD,Москва,2003-11-05T14:15:07+0300
Технический специалист,,600.0,USD,Москва,2003-11-05T14:18:54+0300
C/C++ Developer/Разработчик,,1500.0,USD,Москва,2003-11-05T14:30:12+0300
Java/DB Developer/Java Разработчик,,1500.0,USD,Москва,2003-11-30T00:00:00+0300
Главный специалист отдела разработки информационных систем,,1500.0,USD,Москва,2003-11-05T14:52:12+0300
Java/JSP Developer/Java Разработчик,,1500.0,USD,Москва,2003-11-30T00:00:00+0300
Web Designer,,1000.0,USD,Москва,2003-11-05T15:46:22+0300
Специалист планово-аналитического отдела/Аналитик,,1500.0,USD,Москва,2003-11-05T17:11:47+0300
Senior sales manager (интеграционные решения),,15000.0,USD,Москва,2003-11-05T17:30:20+0300
System Administrator,,1000.0,USD,Москва,2003-11-05T17:33:38+0300
"Консультант по внедрению SAP R3, MM. Код вакансии: ""М-Р3""",,3000.0,USD,Москва,2003-11-12T00:00:00+0300
"Консультант по стратегическому управлению предприятием. Код вакансии: ""НВ-страт""",,1100.0,USD,Москва,2003-11-12T00:00:00+0300
Technical Writer/Технический Писатель,,1000.0,USD,Москва,2003-11-30T00:00:00+0300
Исполнительный директор,,3000.0,USD,Нижний Новгород,2003-11-06T19:55:07+0300
Заместитель генерального директора,,1000.0,USD,Нижний Новгород,2003-11-07T18:42:45+0300
ПОМОЩНИК МЕНЕДЖЕРА ИНТЕРНЕТ-ПРОЕКТА,,400.0,USD,Москва,2003-11-27T00:00:00+0300
Менеджер по продаже АСУ,,1500.0,USD,Санкт-Петербург,2003-11-10T11:23:56+0300
Менеджер по продажам проектов,,1500.0,USD,Санкт-Петербург,2003-11-10T11:25:09+0300
Старший разработчик,,1300.0,USD,Москва,2003-11-10T13:24:26+0300
Менеджер по маркетингу,,1000.0,USD,Москва,2003-11-10T13:50:48+0300
Эксперт-разработчик в области DSP,,600.0,USD,Санкт-Петербург,2003-11-10T16:25:01+0300
C/C++ разработчик,,600.0,USD,Санкт-Петербург,2003-11-10T16:36:20+0300
VC++ разработчик,,600.0,USD,Санкт-Петербург,2003-11-10T16:51:36+0300
Oracle Database Administrator,,2000.0,USD,Москва,2003-11-10T16:54:25+0300
System Support Specialist,,600.0,USD,Москва,2003-11-10T18:08:27+0300
Администратор WEB сайта,,850.0,USD,Москва,2003-11-10T18:09:32+0300
Менеджер по продажам ноутбуков (brand-name) в дилерский отдел (крупная компьютерная компания).,,2000.0,USD,Москва,2003-12-05T00:00:00+0300
Региональный IT- менеджер.,,1500.0,USD,Москва,2003-12-29T00:00:00+0300
Инженер по приложениям IP телефонии (оборудование Cisco),,1500.0,USD,Москва,2003-12-08T00:00:00+0300
Технический руководитель проекта,,2000.0,USD,Москва,2003-11-11T10:34:48+0300
Специалист по серверным приложениям,,1500.0,USD,Москва,2003-11-11T10:47:02+0300
Специалист по разработке пользовательского интерфейса,,1500.0,USD,Москва,2003-11-11T10:48:17+0300
Архитектор-разработчик БД,,1500.0,USD,Москва,2003-11-11T10:49:36+0300
Специалист по сетевому взаимодействию и серверным приложениям,,1500.0,USD,Москва,2003-11-11T10:51:03+0300
Специалист по защите информации,,1500.0,USD,Москва,2003-11-11T10:53:54+0300
Разработчик программного обеспечения,,1000.0,USD,Москва,2003-11-11T10:58:43+0300
Системный архитектор,,1700.0,USD,Москва,2003-11-11T11:00:05+0300
Менеджер по сопровождению системы интернет заказов,,1000.0,USD,Москва,2003-11-11T11:04:47+0300
Технический писатель - аналитик,,800.0,USD,Москва,2003-11-18T00:00:00+0300
Главный специалист Отдела поддержки пользователей (HelpDesk),,1000.0,USD,Москва,2003-11-11T11:20:47+0300
Специалист службы поддержки пользователей,,600.0,USD,Москва,2003-11-11T11:31:42+0300
Оператор службы поддержки пользователей,,650.0,USD,Москва,2003-11-11T11:49:15+0300
Менеджер по продажам сетевых решений,,1500.0,USD,Москва,2003-11-11T12:46:02+0300
Начальник отдела управления качеством,,1500.0,USD,Москва,2003-11-11T13:04:26+0300
Менеджер клиентского отдела,,500.0,USD,Москва,2003-11-11T17:12:08+0300
PR-менеджер,,800.0,USD,Москва,2003-11-11T18:19:25+0300
Специалист по технической поддержке,,700.0,USD,Москва,2003-11-11T20:11:36+0300
Постановщик задач для ПО микроконтроллеров,,1200.0,USD,Москва,2003-11-11T20:13:12+0300
Sales Manager Retail Sector,,4000.0,USD,Москва,2003-11-11T21:31:36+0300
Инженер VoIP,,700.0,USD,Москва,2003-11-12T09:51:19+0300
Инженер по обслуживанию линейно-кабельных систем,,700.0,USD,Москва,2003-11-12T09:52:58+0300
Специалист по АСР,,1000.0,USD,Москва,2003-11-12T09:58:17+0300
Product Implementation Manager,,4000.0,USD,Москва,2003-11-12T11:41:41+0300
Ассистент отдела маркетинга в крупную IT-компанию (системный интегратор),,400.0,USD,Москва,2003-11-12T13:29:17+0300
Менеджер по продажам в корпоративный отдел,,2000.0,USD,Москва,2003-11-12T13:36:25+0300
Руководитель группы маркетинговых коммуникаций,,2000.0,USD,Москва,2003-11-12T13:53:43+0300
Студент-стажёр,,300.0,USD,Москва,2003-11-24T00:00:00+0300
Консультант по Oracle Applications,,3000.0,USD,Москва,2003-12-08T00:00:00+0300
Менеджер по продажам серверных решений,,5000.0,USD,Москва,2003-11-12T15:05:38+0300
Проектировщик банковской системы,,800.0,USD,Москва,2003-11-12T15:07:11+0300
Технический писатель,,550.0,USD,Москва,2003-11-12T15:15:50+0300
Тестировщик ПО,,500.0,USD,Москва,2003-11-12T15:16:52+0300
Специалист по внедрению банковского ПО,,900.0,USD,Москва,2003-11-12T15:20:28+0300
Программист С,,500.0,USD,Москва,2003-11-12T15:21:20+0300
"Консультант на ""Горячую линию""",,800.0,USD,Москва,2003-11-12T15:22:20+0300
Специалист по подготовке дистрибутивов (оператор ПК),,300.0,USD,Москва,2003-11-12T15:24:06+0300
Аналитик,,700.0,USD,Москва,2003-11-12T00:00:00+0300
Системный администратор ПК RS - Balance,,1000.0,USD,Москва,2003-11-12T15:36:02+0300
Специалист внедрения информационно - аналитической системы,,800.0,USD,Москва,2003-11-12T15:38:04+0300
"Специалист по сопровождению системы ""Галактика""",,800.0,USD,Москва,2003-11-13T09:35:07+0300
Менеджер по продажам промышленного оборудования,,900.0,USD,Москва,2003-11-13T11:11:35+0300
Менеджер по работе с корпоративными клиентами,,2000.0,USD,Москва,2003-11-13T11:15:20+0300
ПРОДАВЕЦ-КОНСУЛЬТАНТ.,,200.0,USD,Санкт-Петербург,2003-11-13T11:25:19+0300
Региональный менеджер по продажам,,900.0,USD,Москва,2003-11-13T11:29:45+0300
Value Service Partner Program Manager,,3000.0,USD,Москва,2003-11-13T12:00:28+0300
СПЕЦИАЛИСТ ПО СИСТЕМАМ БЕЗОПАСНОСТИ.,,500.0,USD,Санкт-Петербург,2003-11-13T16:20:16+0300
Менеджер по работе с корпоративными заказчиками.,,1000.0,USD,Санкт-Петербург,2003-11-13T16:27:41+0300
Менеджер копировального центра,,600.0,USD,Москва,2003-11-13T19:13:56+0300
Аналитик - проектировщик,,700.0,USD,Москва,2003-11-14T10:26:49+0300
Специалист по поддержке и развитию корпоративного сайта,,700.0,USD,Москва,2003-11-14T10:58:21+0300
Специалист по нагрузочному тестированию,,2300.0,USD,Москва,2003-11-14T11:12:40+0300
"Web- программист, менеджер Интернет -магазина (торговая марка «Твое»)",,400.0,USD,Москва,2003-11-14T11:20:47+0300
Руководитель IT-управления,,3000.0,USD,Москва,2003-11-14T13:46:38+0300
"Руководитель департамента IT западной торгово-производственной компании (Санкт-Петербург, код YU-TP)",,2500.0,USD,Санкт-Петербург,2003-11-14T16:16:30+0300
"Коммерческий директор направления ""портативная техника"" портативной техники",,6000.0,USD,Москва,2003-12-11T00:00:00+0300
Sales manager,,1000.0,USD,Санкт-Петербург,2003-11-14T19:25:27+0300
Программист,,800.0,USD,Москва,2003-11-15T23:51:34+0300
Системный администратор,,800.0,USD,Москва,2003-11-17T14:16:57+0300
Helpdesk Assistant,,500.0,USD,Москва,2003-11-17T16:16:11+0300
"Программист, разработчик БД",,700.0,USD,Москва,2003-12-16T00:00:00+0300
Системный администратор,,700.0,USD,Санкт-Петербург,2003-11-18T08:17:32+0300
Key - Аccount Manager по нефтегазовому сектору,,2000.0,USD,Москва,2003-11-18T08:55:42+0300
Координатор информационной системы,,700.0,USD,Москва,2003-11-18T09:58:47+0300
Специалист компьютерной безопасности,,2500.0,USD,Москва,2003-11-18T11:54:44+0300
Менеджер по работе с корпоративными заказчиками.,,1000.0,USD,Санкт-Петербург,2003-11-18T14:08:37+0300
ПРОГРАММИСТ,,800.0,USD,Москва,2003-11-18T14:20:01+0300
Начальник отдела продвижения серверов.,,900.0,USD,Санкт-Петербург,2003-11-18T14:21:32+0300
Инженер по RISC-системам.,,550.0,USD,Санкт-Петербург,2003-11-18T14:28:55+0300
Специалист по системам безопасности.,,500.0,USD,Санкт-Петербург,2003-11-18T14:39:24+0300
ПРОДАВЕЦ-КОНСУЛЬТАНТ.,,200.0,USD,Санкт-Петербург,2003-11-18T14:46:49+0300
Разработчик программного обеспечения (Java),,1000.0,USD,Москва,2003-12-29T00:00:00+0300
Аналитик-консультант,,1200.0,USD,Москва,2003-11-18T15:02:56+0300
Менеджер по локализациям,,600.0,USD,Москва,2003-11-18T15:44:30+0300
Менеджер по продажам (г.Екатеринбург),,1000.0,USD,Екатеринбург,2003-11-18T17:39:36+0300
Консультант-внедренец (модуль складской учет+логистика),,1100.0,USD,Москва,2003-11-18T17:48:16+0300
Тестировщик (в проект на 4 мес.),,300.0,USD,Москва,2003-11-18T17:54:02+0300
Системный администратор,,500.0,USD,Москва,2003-11-18T17:56:41+0300
Project manager (off-shore projects),,1500.0,USD,Москва,2003-11-20T00:00:00+0300
Developer (scripting language),,1100.0,USD,Москва,2003-11-18T18:13:42+0300
Инженер-программист по настройке ПО,,600.0,USD,Москва,2003-11-19T10:13:38+0300
ПРОГРАММИСТ,,800.0,USD,Москва,2003-12-16T00:00:00+0300
Researcher (IT/Telecom сектор),,900.0,USD,Москва,2003-11-19T11:08:34+0300
Researcher (IT/Telecom сектор),,900.0,USD,Москва,2003-11-19T11:08:48+0300
Специалист по поддержке и внедрению 1С,,500.0,USD,Санкт-Петербург,2003-11-19T11:10:03+0300
"Логист, администратор системы SAP - модуль ММ",,1700.0,USD,Москва,2003-12-27T00:00:00+0300
Сборщик компьютеров,,350.0,USD,Москва,2003-11-19T16:02:29+0300
SAP Business Analyst,,3000.0,USD,Москва,2003-11-20T09:16:49+0300
IT инженер,,500.0,USD,Москва,2003-11-20T11:57:30+0300
Менеджер по Интернет-маркетингу,,1000.0,USD,Москва,2003-11-20T12:45:02+0300
Аналитик-проектировщик по кредитам,,1000.0,USD,Москва,2003-11-20T14:49:58+0300
Руководитель проекта,,1200.0,USD,Москва,2003-11-28T00:00:00+0300
Программист,,1200.0,USD,Москва,2003-11-20T15:58:17+0300
Консультант-аналитик,,1000.0,USD,Москва,2003-11-20T16:01:16+0300
Аналитик,,1000.0,USD,Москва,2003-11-20T16:04:04+0300
Ведущего разработчика,,1000.0,USD,Москва,2003-11-20T16:13:03+0300
Программист 1С,,2000.0,USD,Москва,2003-11-20T16:19:13+0300
Oil&Gas Sales Manager Corporate,,4000.0,USD,Москва,2003-12-11T00:00:00+0300
Аналитик-проектировщик системы Банк-клиент,,1500.0,USD,Москва,2003-11-21T15:37:28+0300
Менеджер проектов,,2200.0,USD,Москва,2003-12-08T00:00:00+0300
Системный специалист (администратор),,1200.0,USD,Москва,2003-11-22T11:33:25+0300
Сервисный инженер в ИТ-службу,,400.0,USD,Москва,2003-11-24T11:38:50+0300
Оператор службы технической поддержки iRU (производство ноутбуков),,450.0,USD,Москва,2003-11-24T12:16:32+0300
Консультант SAP R/3 (модуль MM),,3000.0,USD,Москва,2003-11-24T12:40:41+0300
Консультант SAP R/3 (модули FI/CO),,3000.0,USD,Москва,2003-11-24T12:45:43+0300
SAP R/3 CO Consultant,,2500.0,USD,Москва,2003-11-24T15:03:37+0300
Network Engineer,,2000.0,USD,Москва,2003-12-16T00:00:00+0300
Консультант по внедрению систем управления проектами,,1500.0,USD,Москва,2003-11-25T17:36:40+0300
Начальника отдела региональных продаж (IT рынок),,2500.0,USD,Москва,2003-12-18T00:00:00+0300
Программист,,800.0,USD,Москва,2003-11-25T20:29:05+0300
Программист-аналитик Axapta,,1200.0,USD,Москва,2003-12-16T00:00:00+0300
Менеджер по продажам заказных разработок ПО,,2500.0,USD,Москва,2003-11-26T09:56:00+0300
Программист,,500.0,USD,Москва,2003-11-26T11:10:04+0300
Сотрудник отдела технической поддержки клиентов хостинга,,500.0,USD,Москва,2003-11-26T12:18:02+0300
Инженер по тестированию,,600.0,USD,Москва,2003-11-26T12:36:30+0300
Специалист по сопровождению клиентов,,600.0,USD,Москва,2003-11-26T12:38:48+0300
Технический писатель,,500.0,USD,Москва,2003-11-26T12:55:55+0300
Программист на Java,,1000.0,USD,Москва,2003-11-26T12:57:05+0300
Инженер по ремонту и обслуживанию банковского оборудования,,800.0,USD,Москва,2003-11-26T13:33:52+0300
МЕНЕДЖЕР ПО РЕКЛАМЕ,,600.0,USD,Москва,2003-11-26T17:14:06+0300
System Administrator,,1500.0,USD,Москва,2003-11-26T18:04:38+0300
Channel manager (hi-tech),,2300.0,USD,Москва,2003-11-26T18:33:42+0300
Ассистент отдела продаж,,300.0,USD,Санкт-Петербург,2003-12-22T00:00:00+0300
Менеджер web-проектов,,700.0,USD,Санкт-Петербург,2003-11-26T19:55:11+0300
"Директор R&D, Технический Директор",,3500.0,USD,Москва,2003-11-26T21:31:27+0300
Sales Director,,8000.0,USD,Москва,2003-11-26T21:31:33+0300
Менеджер по продажам промышленного оборудования,,900.0,USD,Москва,2003-11-27T11:09:26+0300
Менеджер по работе с крупными клиентами,,2000.0,USD,Москва,2003-11-27T11:15:25+0300
Системный администратор,,500.0,USD,Москва,2003-12-15T00:00:00+0300
Региональный менеджер по продажам,,1000.0,USD,Москва,2003-11-27T11:29:45+0300
Руководитель проектов,,4000.0,USD,Москва,2003-12-26T00:00:00+0300
Руководитель проекта (ERP системы),,1700.0,USD,Екатеринбург,2003-12-26T00:00:00+0300
Менеджер по работе с вендорами (производителями),,1500.0,USD,Москва,2003-12-26T00:00:00+0300
Системный аналитик,,1000.0,USD,Москва,2003-12-26T00:00:00+0300
Системный администратор,,800.0,USD,Москва,2003-11-27T12:46:44+0300
Специалист тестовой лаборатории,,1000.0,USD,Москва,2003-11-27T13:02:01+0300
Инженер по RISC-системам.,,550.0,USD,Санкт-Петербург,2003-12-09T00:00:00+0300
Начальник отдела продвижения серверов.,,900.0,USD,Санкт-Петербург,2003-12-18T00:00:00+0300
ПРОДАВЕЦ-КОНСУЛЬТАНТ.,,200.0,USD,Санкт-Петербург,2003-12-09T00:00:00+0300
"Инженер, пусконаладчик технических систем безопасности",,400.0,USD,Москва,2003-11-27T14:34:08+0300
"Инженер-электронщик, технический писатель",,400.0,USD,Москва,2003-11-27T14:40:40+0300
Cпециалист технической поддержки,,450.0,USD,Москва,2003-11-27T16:08:35+0300
Аналитики-проектировщики банковских информационных технологий,,1000.0,USD,Москва,2003-11-27T16:37:30+0300
"Программисты GUI (С#, Delphi, VC++)",,800.0,USD,Москва,2003-11-27T16:47:00+0300
Тестировщик ПО,,800.0,USD,Москва,2003-11-27T16:47:14+0300
Специалист по рекламе и PR,,800.0,USD,Москва,2003-11-27T16:56:07+0300
Программист Java,,1000.0,USD,Москва,2003-11-27T17:01:17+0300
"ASP, JSP, XML, XSL, технологии web-сервисов",,1000.0,USD,Москва,2003-11-27T17:14:14+0300
Сервисный Инженер,,1700.0,USD,Москва,2003-12-30T00:00:00+0300
Аналитик-проектировщик,,900.0,USD,Москва,2003-11-27T18:46:51+0300
ИНЖЕНЕР-ДОРАБОТЧИК СЕРВЕРОВ,,650.0,USD,Москва,2003-12-22T00:00:00+0300
Аналитик бизнес-процессов,,1200.0,USD,Москва,2003-11-27T19:53:21+0300
"Начальник отдела СКС. Код вакансии: ""Ш-СКС""",,2500.0,USD,Москва,2003-11-28T10:29:10+0300
Программист 1С,,800.0,USD,Москва,2003-11-28T11:38:45+0300
Консультант-разработчик Navision,,1500.0,USD,Москва,2003-12-24T00:00:00+0300
ПРОГРАММИСТ C#,,800.0,USD,Москва,2003-12-17T00:00:00+0300
Менеджер в отдел телекоммуникаций,,600.0,USD,Москва,2003-11-28T17:23:27+0300
"Consultant SAP R/3 - FI, CO",,3000.0,USD,Москва,2003-11-28T21:31:58+0300
Менеджер по продажам в корпоративный отдел,,2000.0,USD,Москва,2003-12-24T00:00:00+0300
Key Account Manager,,3000.0,USD,Москва,2003-12-10T00:00:00+0300
Программист 1С: Предприятие 7.7,,1000.0,USD,Москва,2003-12-01T12:05:09+0300
Разработчик Web-приложений и баз данных,,600.0,USD,Санкт-Петербург,2003-12-01T12:51:21+0300
Менеджер по маркетинговым коммуникациям,,1500.0,USD,Москва,2003-12-01T12:58:29+0300
Ассистент менеджера по закупкам департамента Hewlett Packard,,400.0,USD,Санкт-Петербург,2003-12-01T13:21:08+0300
Ведущий специалист,,1300.0,USD,Москва,2003-12-01T14:01:34+0300
МЕНЕДЖЕР ИНФОРМАЦИОННЫХ СИСТЕМ,,700.0,USD,Москва,2003-12-22T00:00:00+0300
Менеджер по продажам комплексных решений,,1000.0,USD,Москва,2003-12-01T16:16:04+0300
Инженер-проектировщик (проектирование СКС),,800.0,USD,Москва,2003-12-01T16:21:26+0300
Инженер-проектировщик (проектирование систем охранно-пожарной сигнализации),,800.0,USD,Москва,2003-12-01T16:24:53+0300
Инженер по СКС,,600.0,USD,Москва,2003-12-01T16:26:17+0300
Инженер систем связи,,500.0,USD,Москва,2003-12-01T16:27:34+0300
Системный администратор,,600.0,USD,Москва,2003-12-17T00:00:00+0300
Менеджер по корпоративным клиентам,,1500.0,USD,Москва,2003-12-01T16:33:22+0300
Разработчик отчетов (Oracle) в проект на 3-4 мес.,,300.0,USD,Москва,2003-12-01T17:53:43+0300
Программист,,1000.0,USD,Москва,2003-12-23T00:00:00+0300
Electrical Engineer,,2000.0,USD,Москва,2003-12-02T09:22:11+0300
Дизайнер,,450.0,USD,Санкт-Петербург,2003-12-02T12:37:32+0300
Программист,,750.0,USD,Санкт-Петербург,2003-12-02T12:39:49+0300
Инженер-разработчик 3-4 категории,,1700.0,USD,Москва,2003-12-29T00:00:00+0300
Инженер-разработчик 1-2 категории,,1200.0,USD,Москва,2003-12-29T00:00:00+0300
Аналитик-разработчик,,2300.0,USD,Москва,2003-12-29T00:00:00+0300
Консультант SAP (модуль APO),,3000.0,USD,Москва,2003-12-29T00:00:00+0300
"Консультант по SAP BW, BI, SEM",,3000.0,USD,Москва,2003-12-29T00:00:00+0300
Инженер программист,,1200.0,USD,Москва,2003-12-29T00:00:00+0300
SQA / Тестер программного обеспечения,,1100.0,USD,Москва,2003-12-04T00:00:00+0300
Senior Software Engineer,,1500.0,USD,Москва,2003-12-02T20:00:26+0300
Системный администратор,,600.0,USD,Москва,2003-12-03T11:41:55+0300
Менеджер проектов внедрения ПО,,1200.0,USD,Москва,2003-12-03T12:35:55+0300
Специалист по внедрению банковского ПО,,600.0,USD,Москва,2003-12-03T12:36:34+0300
Менеджер по продажам ПО,,1500.0,USD,Санкт-Петербург,2003-12-03T14:06:44+0300
UNIX – администратор.,,300.0,USD,Санкт-Петербург,2003-12-09T00:00:00+0300
Веб-верстальщик.,,200.0,USD,Санкт-Петербург,2003-12-09T00:00:00+0300
Менеджер поддержки продаж.,,250.0,USD,Санкт-Петербург,2003-12-09T00:00:00+0300
Менеджер развития продаж.,,350.0,USD,Санкт-Петербург,2003-12-09T00:00:00+0300
Руководитель технологического направления по разработкам,,2500.0,USD,Москва,2003-12-29T00:00:00+0300
Менеджер по продажам ПО 1С,,500.0,USD,Санкт-Петербург,2003-12-03T16:45:42+0300
Ведущий специалист 1С,,800.0,USD,Санкт-Петербург,2003-12-03T16:48:13+0300
Эксперт ПО 1С,,500.0,USD,Санкт-Петербург,2003-12-03T16:54:43+0300
Product Manager / Менеджер по продукту,,2500.0,USD,Москва,2003-12-10T00:00:00+0300
Cпециалист по системам управления,,1500.0,USD,Москва,2003-12-29T00:00:00+0300
Менеджер по информационной безопасности,,1700.0,USD,Москва,2003-12-04T09:35:50+0300
Инженер по технической поддержке системных платформ (г.Москва),,1000.0,USD,Москва,2003-12-04T11:58:37+0300
Инженер по технической поддержке системных платформ (г.Екатеринбург),,700.0,USD,Екатеринбург,2003-12-04T12:00:26+0300
Старший специалист в отдел тестирования,,1000.0,USD,Москва,2003-12-04T13:34:56+0300
Стажер (Hot-Line IT),,100.0,USD,Москва,2003-12-04T14:40:33+0300
Програмист SQL,,800.0,USD,Москва,2003-12-04T15:15:51+0300
Продукт-менеджер по СКС.,,550.0,USD,Санкт-Петербург,2003-12-18T00:00:00+0300
Инженер по поддержке пользователей,,800.0,USD,Москва,2003-12-04T19:42:44+0300
Региональный менеджер,,1000.0,USD,Самара,2003-12-05T00:00:00+0300
Программист,,1500.0,USD,Москва,2003-12-05T10:34:04+0300
Специалист по технической поддержке,,650.0,USD,Москва,2003-12-30T00:00:00+0300
PR Manager,,2500.0,USD,Москва,2003-12-05T11:33:24+0300
МЕНЕДЖЕР ПО РАБОТЕ С КЛЮЧЕВЫМИ КОРПОРАТИВНЫМИ КЛИЕНТАМИ.,,1500.0,USD,Москва,2003-12-05T14:31:15+0300
МЕНЕДЖЕР ПО ЦЕНООБРАЗОВАНИЮ.,,700.0,USD,Москва,2003-12-05T14:34:11+0300
МЕНЕДЖЕР ПО ПРОДАЖАМ КОМПЬЮТЕРНОЙ И ОФИСНОЙ ТЕХНИКИ.,,1000.0,USD,Москва,2003-12-05T14:35:38+0300
МЕНЕДЖЕР ПО РАЗВИТИЮ РЕГИОНАЛЬНЫХ ПРОДАЖ.,,2000.0,USD,Москва,2003-12-05T14:36:57+0300
АССИСТЕНТ МЕНЕДЖЕРА ПО ПРОДАЖАМ.,,700.0,USD,Москва,2003-12-05T14:39:16+0300
КОНСУЛЬТАНТ - ПРОДАВЕЦ,,600.0,USD,Москва,2003-12-05T15:05:45+0300
РУКОВОДИТЕЛЬ ГРУППЫ ПРОДАЖ – РЕГИОНАЛЬНЫЙ МЕНЕДЖЕР.,,1500.0,USD,Москва,2003-12-05T15:06:57+0300
Менеджер по продажам комплексных решений (ERP для среднего бизнеса),,2500.0,USD,Москва,2003-12-05T15:15:49+0300
МЕНЕДЖЕР ПО РАЗВИТИЮ РОЗНИЧНЫХ ПРОДАЖ,,2000.0,USD,Москва,2003-12-05T15:34:14+0300
Специалист по технической поддержке IP-сети,,1100.0,USD,Москва,2003-12-05T18:50:15+0300
Главный специалист отдела разработки информационных систем,,1500.0,USD,Москва,2003-12-05T20:20:36+0300
Инженер-программист по внедрению систем материального учёта предприятий,,800.0,USD,Москва,2003-12-08T11:13:57+0300
Инженер-программист по внедрению систем материального учёта предприятий,,800.0,USD,Москва,2003-12-08T11:13:54+0300
Программист,,900.0,USD,Москва,2003-12-08T11:31:00+0300
"Администратор баз данных (БД, Oracle)",,2000.0,USD,Москва,2003-12-08T12:37:23+0300
Старший специалист в отдел тестирования,,900.0,USD,Москва,2003-12-08T12:52:33+0300
Специалист по сопровождению ПО в области Internet-приложений,,600.0,USD,Москва,2003-12-08T12:56:59+0300
Product manager (Hi-Tech),,3000.0,USD,Москва,2003-12-08T12:57:10+0300
Cпециалист в отдел сопровождения продуктов компьютерной телефонии,,600.0,USD,Москва,2003-12-08T12:58:37+0300
Старший специалист в отдел сопровождения систем управления внешними ресурсами,,900.0,USD,Москва,2003-12-08T13:00:45+0300
Специалист по техническому сопровождению ПO в области управления внешними ресурсами,,600.0,USD,Москва,2003-12-08T13:02:20+0300
Специалист по сопровождению ПО в области internet приложений.,,600.0,USD,Москва,2003-12-08T13:04:37+0300
Специалист по сопровождению ПО в области голосовых ресурсов,,600.0,USD,Москва,2003-12-08T13:06:34+0300
Специалист по техническому сопровождению ПО в области internet биллинга,,600.0,USD,Москва,2003-12-08T13:09:42+0300
Старший специалист в сектор технического сопровождения,,900.0,USD,Москва,2003-12-08T13:11:07+0300
Специалист по финансовым вопросам в отдел сопровождения,,600.0,USD,Москва,2003-12-08T13:12:54+0300
Trainer-consultant (IT&Telecom Sales and Management),,2000.0,USD,Москва,2003-12-23T00:00:00+0300
Стажёр в IT-компанию,,250.0,USD,Москва,2003-12-08T17:34:24+0300
Системный инженер-программист,,700.0,USD,Москва,2003-12-16T00:00:00+0300
Программист С++,,1000.0,USD,Москва,2003-12-14T00:00:00+0300
Менджер по работе с государственным сектором,,1500.0,USD,Москва,2003-12-09T10:40:27+0300
Perl/PHP программист,,1200.0,USD,Москва,2003-12-09T11:15:19+0300
Менеджер проектов.,,600.0,USD,Санкт-Петербург,2003-12-18T00:00:00+0300
Менеджер проекта Web-портала,,1200.0,USD,Москва,2003-12-09T13:49:20+0300
Account Manager,,1000.0,USD,Москва,2003-12-09T14:03:27+0300
Менеджер по работе с клиентами в отдел dial-up,,450.0,USD,Москва,2003-12-09T17:05:52+0300
Дистрибьютор телефонных карт.,,500.0,USD,Москва,2003-12-09T17:10:49+0300
Менеджер-консультант по работе с клиентами.,,1000.0,USD,Москва,2003-12-09T17:13:21+0300
Менеджер по продажам решений на базе R/3,,3000.0,USD,Москва,2003-12-09T17:44:57+0300
Технический специалист-аналитик поддержки пользователей,,1000.0,USD,Москва,2003-12-10T15:21:35+0300
C/C++ разработчик,,600.0,USD,Санкт-Петербург,2003-12-10T15:52:41+0300
Менеджер по продажам проектов,,1500.0,USD,Санкт-Петербург,2003-12-10T15:53:11+0300
Менеджер по продаже АСУ,,1500.0,USD,Санкт-Петербург,2003-12-10T15:53:46+0300
Senior Software Developer,,2500.0,USD,Москва,2003-12-10T16:06:36+0300
Sales Representative - Networks and Connectivity Solutions,,4000.0,USD,Москва,2003-12-10T21:31:33+0300
Системный администратор,,700.0,USD,Москва,2003-12-11T10:22:16+0300
Проектировщик банковской системы,,800.0,USD,Москва,2003-12-11T11:45:50+0300
Программист С,,500.0,USD,Москва,2003-12-11T11:48:51+0300
Специалист по внедрению банковского ПО,,900.0,USD,Москва,2003-12-11T11:55:19+0300
Тестировщик,,500.0,USD,Москва,2003-12-11T12:03:57+0300
Специалист внедрения информационно - аналитической системы,,800.0,USD,Москва,2003-12-11T12:21:24+0300
Дизайнер-проектировщик,,500.0,USD,Москва,2003-12-11T12:22:01+0300
Специалист сопровождения программных продуктов,,500.0,USD,Москва,2003-12-11T12:22:55+0300
Тестировщик ПО,,500.0,USD,Москва,2003-12-11T12:23:59+0300
Программист - аналитик,,600.0,USD,Москва,2003-12-11T12:32:58+0300
Control Engineer,,1400.0,USD,Москва,2003-12-11T13:55:06+0300
Системный аналитик (OEBS),,2500.0,USD,Москва,2003-12-11T14:21:14+0300
Oracle программист,,1200.0,USD,Москва,2003-12-11T14:34:04+0300
Системный аналитик,,1400.0,USD,Москва,2003-12-11T14:36:45+0300
Специалист по Oracle E Business Suite (логистика),,3000.0,USD,Москва,2003-12-11T14:40:20+0300
ASP программист,,1000.0,USD,Москва,2003-12-11T14:40:47+0300
Java программист,,1200.0,USD,Москва,2003-12-11T14:47:21+0300
Специалист по развертыванию системы Oracle E-Business Suite,,1700.0,USD,Москва,2003-12-11T14:53:50+0300
Senior sales manager (интеграционные решения),,15000.0,USD,Москва,2003-12-11T16:03:50+0300
Менеджер по продажам (soft),,3000.0,USD,Москва,2003-12-11T16:37:22+0300
Специалист службы поддержки пользователей,,600.0,USD,Москва,2003-12-11T20:05:45+0300
Главный специалист отдела разработки информационных систем,,1500.0,USD,Москва,2003-12-11T20:06:46+0300
Специалист по технической поддержке,,700.0,USD,Москва,2003-12-14T18:49:51+0300
Программист,,1000.0,USD,Москва,2003-12-14T21:13:29+0300
"Специалист по сопровождению системы ""Галактика""",,800.0,USD,Москва,2003-12-15T10:06:04+0300
"Специалист по сопровождению системы ""Галактика""",,800.0,USD,Москва,2003-12-15T10:07:42+0300
Менеджер по маркетингу,,1000.0,USD,Москва,2003-12-16T09:38:02+0300
Developer (scripting language),,1100.0,USD,Москва,2003-12-16T09:40:32+0300
Project manager (off-shore projects),,1500.0,USD,Москва,2003-12-16T09:41:36+0300
Software Developer,,1200.0,USD,Москва,2003-12-16T10:29:04+0300
Торговый представитель,,600.0,USD,Москва,2003-12-16T12:10:43+0300
Монтажники компьютерных локальных и слаботочных сетей,,400.0,USD,Москва,2003-12-29T00:00:00+0300
Developer (scripting language),,1100.0,USD,Москва,2003-12-16T16:49:47+0300
Project manager (off-shore projects),,1500.0,USD,Москва,2003-12-16T16:50:21+0300
Программист-аналитик Axapta,,1300.0,USD,Москва,2003-12-18T00:00:00+0300
Менеджер по маркетингу,,1000.0,USD,Москва,2003-12-16T16:52:05+0300
Менеджер по продажам ПО,,1600.0,USD,Москва,2003-12-16T18:14:17+0300
Менеджер по продажам (телекоммуникации),,1600.0,USD,Москва,2003-12-16T18:17:50+0300
Менеджер по продажам (бизнес-серверы),,1600.0,USD,Москва,2003-12-16T18:23:48+0300
C++/Java/Database Developer,,1300.0,USD,Москва,2003-12-16T18:38:28+0300
Специалист по банкоматам и валютно-обменным машинам,,1500.0,USD,Москва,2003-12-17T11:59:29+0300
Инженер - электронщик,,600.0,USD,Москва,2003-12-17T12:42:43+0300
Инженер - электронщик,,600.0,USD,Москва,2003-12-17T12:42:45+0300
Product Manager / Менеджер по продукту,,2500.0,USD,Москва,2003-12-17T14:54:25+0300
Специалист по внедрению и техническому сопровождению ПО,,900.0,USD,Москва,2003-12-17T15:12:47+0300
Сервисный инженер .код Л-Инж PC\MAC,,800.0,USD,Москва,2003-12-17T00:00:00+0300
Системный аналитик,,1200.0,USD,Москва,2003-12-17T19:03:20+0300
Программист 1С,,900.0,USD,Москва,2003-12-18T12:07:33+0300
Программист разработчик,,12000.0,USD,Москва,2003-12-18T15:13:54+0300
Начальник отдела маркетинга,,1200.0,USD,Москва,2003-12-19T11:19:05+0300
Developer,,800.0,USD,Санкт-Петербург,2003-12-19T12:43:47+0300
Тестировщик,,700.0,USD,Москва,2003-12-19T13:49:33+0300
Java программист,,1200.0,USD,Москва,2003-12-19T13:52:50+0300
ASP программист,,1000.0,USD,Москва,2003-12-19T13:54:40+0300
Веб-мастер,,550.0,USD,Москва,2003-12-19T14:08:23+0300
Специалисты по внедрению и поддержке SAP R/3.,,1500.0,USD,Москва,2003-12-19T15:15:33+0300
Системный администратор,,800.0,USD,Москва,2003-12-19T15:22:29+0300
ПРОГРАММИСТ,,800.0,USD,Москва,2003-12-19T18:22:44+0300
"Руководитель отдела ИТ. Код вакансии: ""Л-АД""",,1000.0,USD,Москва,2003-12-22T11:04:05+0300
"Консультант (в крупную IT-компанию). Код вакансии: ""НВ-Конс""",,3000.0,USD,Москва,2003-12-22T12:04:33+0300
"Консультант по стратегическому управлению предприятием. Код вакансии: ""НВ-страт""",,1000.0,USD,Москва,2003-12-22T12:21:53+0300
Оператор службы поддержки пользователей,,650.0,USD,Москва,2003-12-22T16:34:35+0300
BA - Бизнес-аналитик,,1800.0,USD,Москва,2003-12-23T15:48:06+0300
СА- Системный Аналитик,,1800.0,USD,Москва,2003-12-23T16:13:13+0300
Аналитик-консультант,,1200.0,USD,Москва,2003-12-24T10:37:18+0300
Технический писатель,,1000.0,USD,Москва,2003-12-24T10:49:31+0300
Ведущий специалсит в отдел процессинга,,1000.0,USD,Москва,2003-12-24T10:52:30+0300
Presale Manager,,1800.0,USD,Москва,2003-12-24T11:09:11+0300
Group brand manager,,3500.0,USD,Москва,2003-12-24T11:18:34+0300
Программист на АВАР,,1400.0,USD,Москва,2003-12-24T13:02:48+0300
IT SUPPORT MANAGER,,1700.0,USD,Москва,2003-12-24T18:07:04+0300
Секретарь ИТ управления,,500.0,USD,Москва,2003-12-25T10:22:46+0300
Программист,,800.0,USD,Москва,2003-12-25T10:28:05+0300
Администратор,,500.0,USD,Москва,2003-12-26T10:45:37+0300
Инженер по ремонту и обслуживанию банковского оборудования,,800.0,USD,Москва,2003-12-26T10:53:15+0300
ИНЖЕНЕР ТЕХНИЧЕСКОЙ ПОДДЕРЖКИ,,500.0,USD,Москва,2003-12-26T13:35:12+0300
Программист,,850.0,USD,Москва,2003-12-26T16:57:51+0300
Руководитель отдела внедрения MBS-Axapta,,3000.0,USD,Москва,2003-12-26T18:45:19+0300
Web-программист,,800.0,USD,Москва,2003-12-29T11:09:55+0300
Руководитель IT-управления,,3000.0,USD,Москва,2003-12-29T15:09:40+0300
Программист Axapta,,2000.0,USD,Москва,2003-12-30T12:29:09+0300
Программист Axapta,,2000.0,USD,Москва,2003-12-30T12:29:20+0300
